Country of Origin,Aroma,Flavor,Aftertaste,Acidity,Body,Balance,Uniformity,Clean Cup,Sweetness,Moisture Percentage,Category One Defects,Quakers,Color,Category Two Defects,is_specialty
3,8.58,8.5,8.42,8.58,8.25,8.42,10.0,10.0,10.0,11.8,0,0.0,8,3,1
28,8.5,8.5,7.92,8.0,7.92,8.25,10.0,10.0,10.0,10.5,0,0.0,4,0,1
16,8.33,8.42,8.08,8.17,7.92,8.17,10.0,10.0,10.0,10.4,0,0.0,15,2,1
4,8.08,8.17,8.17,8.25,8.17,8.08,10.0,10.0,10.0,11.8,0,0.0,8,0,1
3,8.33,8.33,8.08,8.25,7.92,7.92,10.0,10.0,10.0,11.6,0,2.0,14,2,1
9,8.33,8.33,8.25,7.83,7.83,8.17,10.0,10.0,10.0,10.7,0,0.0,8,2,1
28,8.33,8.17,8.08,8.0,7.83,8.25,10.0,10.0,10.0,9.1,0,0.0,8,0,1
28,8.25,8.25,8.17,8.0,7.92,8.08,10.0,10.0,10.0,10.0,0,0.0,12,1,1
28,8.08,8.08,8.25,8.08,7.92,8.0,10.0,10.0,10.0,10.8,0,0.0,9,0,1
29,8.08,8.17,8.08,8.17,8.0,8.0,10.0,10.0,10.0,11.0,0,0.0,9,0,1
8,8.08,8.25,8.0,8.08,7.92,7.92,10.0,10.0,10.0,11.8,0,1.0,9,1,1
9,8.08,8.0,8.0,7.75,8.25,8.17,10.0,10.0,10.0,11.5,0,0.0,7,1,1
28,8.08,8.0,8.08,8.08,8.0,8.0,10.0,10.0,10.0,11.9,0,0.0,8,0,1
8,7.67,8.17,8.0,8.33,8.0,8.0,10.0,10.0,10.0,11.6,0,3.0,13,2,1
3,8.08,8.0,8.08,7.92,8.08,8.0,10.0,10.0,10.0,10.6,0,0.0,8,0,1
28,8.17,8.08,8.0,7.92,8.0,7.92,10.0,10.0,10.0,10.2,0,0.0,8,0,1
8,8.17,8.08,7.92,8.17,7.75,7.92,10.0,10.0,10.0,11.3,0,2.0,8,2,1
28,8.0,8.17,8.0,7.92,7.92,7.92,10.0,10.0,10.0,10.3,0,0.0,14,0,1
28,8.08,8.17,7.75,7.92,7.83,8.0,10.0,10.0,10.0,11.0,0,0.0,7,1,1
29,8.17,8.0,7.92,7.92,8.17,7.75,10.0,10.0,10.0,10.0,0,0.0,9,0,1
9,8.0,7.92,8.08,7.92,7.75,8.0,10.0,10.0,10.0,11.6,0,0.0,15,0,1
28,8.08,8.0,7.92,7.92,8.0,7.83,10.0,10.0,10.0,10.4,0,0.0,8,0,1
30,7.67,8.0,7.83,8.0,8.08,8.0,10.0,10.0,10.0,9.8,0,0.0,6,5,1
3,8.08,8.0,7.83,8.17,7.75,7.83,10.0,10.0,10.0,11.3,0,0.0,7,2,1
28,7.83,8.0,7.92,8.0,8.0,7.92,10.0,10.0,10.0,10.6,0,0.0,5,0,1
0,7.83,8.08,7.83,7.92,8.0,7.83,10.0,10.0,10.0,11.3,2,0.0,8,3,1
28,7.92,7.92,8.0,7.92,7.83,7.92,10.0,10.0,10.0,9.1,0,0.0,8,2,1
28,8.17,8.08,7.92,8.0,7.58,7.83,10.0,10.0,10.0,10.6,0,0.0,8,0,1
28,8.0,8.0,8.0,7.92,7.75,7.92,10.0,10.0,10.0,10.2,0,0.0,4,0,1
33,8.0,7.92,8.0,7.83,7.67,8.0,10.0,10.0,10.0,9.3,0,0.0,8,0,1
28,8.0,8.0,7.83,7.83,7.75,7.92,10.0,10.0,10.0,11.4,0,0.0,5,0,1
28,7.92,8.0,7.83,7.92,7.83,7.83,10.0,10.0,10.0,10.8,0,0.0,8,0,1
28,8.08,8.17,7.67,7.83,7.67,7.92,10.0,10.0,10.0,11.3,0,0.0,8,0,1
8,7.67,7.83,7.83,8.0,8.0,8.0,10.0,10.0,10.0,9.9,0,2.0,8,3,1
8,8.0,8.08,8.0,8.0,7.67,7.75,10.0,10.0,10.0,12.3,0,3.0,12,4,1
8,7.92,7.75,7.83,8.17,8.0,7.75,10.0,10.0,10.0,9.4,0,1.0,9,1,1
28,8.0,7.92,7.83,7.92,7.83,7.83,10.0,10.0,10.0,9.5,0,0.0,5,0,1
28,8.25,8.08,7.83,7.75,7.67,7.75,10.0,10.0,10.0,11.3,0,0.0,8,0,1
15,8.17,7.75,7.83,7.58,7.92,8.0,10.0,10.0,10.0,9.2,0,0.0,9,1,1
28,7.75,7.92,7.75,8.0,7.83,7.92,10.0,10.0,10.0,10.3,0,0.0,5,0,1
28,8.0,7.92,7.83,7.92,7.75,7.75,10.0,10.0,10.0,10.0,0,0.0,7,0,1
28,8.0,8.08,7.67,7.75,7.92,7.83,10.0,10.0,10.0,10.5,0,0.0,9,0,1
28,8.0,7.92,7.67,8.0,7.75,7.83,10.0,10.0,10.0,10.0,0,0.0,10,5,1
31,8.0,7.92,7.75,7.75,7.75,7.92,10.0,10.0,10.0,11.0,0,0.0,8,1,1
28,7.92,8.0,7.92,8.0,7.58,7.75,10.0,10.0,10.0,10.9,0,0.0,8,0,1
28,8.17,8.08,7.83,7.67,7.67,7.75,10.0,10.0,10.0,10.1,0,0.0,12,0,1
9,7.67,8.08,7.67,8.0,7.92,7.83,10.0,10.0,10.0,9.9,0,1.0,8,1,1
9,7.67,8.0,7.75,7.92,8.0,7.83,10.0,10.0,10.0,11.3,0,0.0,8,4,1
9,7.83,7.92,7.75,8.0,7.75,7.75,10.0,10.0,10.0,11.7,0,3.0,8,1,1
28,7.92,7.92,7.83,7.83,7.75,7.83,10.0,10.0,10.0,9.5,0,0.0,8,2,1
28,8.0,8.0,7.75,7.75,7.67,7.75,10.0,10.0,10.0,9.7,0,0.0,7,0,1
13,7.83,7.92,7.75,7.83,7.83,7.83,10.0,10.0,10.0,11.9,0,3.0,5,2,1
25,8.0,8.0,7.83,7.83,7.58,7.83,10.0,10.0,10.0,10.7,0,0.0,9,0,1
29,7.92,7.75,7.75,7.92,7.83,7.83,10.0,10.0,10.0,11.2,0,0.0,9,0,1
28,7.83,7.83,7.67,7.67,7.83,8.0,10.0,10.0,10.0,9.5,0,0.0,9,0,1
28,7.67,7.92,7.92,7.83,7.75,7.83,10.0,10.0,10.0,10.4,0,0.0,8,0,1
0,7.83,7.92,7.75,7.92,7.67,7.83,10.0,10.0,10.0,11.2,0,1.0,8,5,1
23,7.83,7.83,7.75,7.92,7.83,7.75,10.0,10.0,10.0,10.3,0,1.0,5,5,1
28,7.92,8.08,7.67,7.92,7.67,7.75,10.0,10.0,10.0,10.0,0,0.0,4,0,1
9,7.67,8.0,7.67,7.83,7.92,7.67,10.0,10.0,10.0,10.6,0,0.0,8,1,1
9,7.83,8.0,7.67,7.83,7.75,7.75,10.0,10.0,10.0,10.9,0,3.0,14,2,1
4,7.58,7.83,7.5,7.67,7.83,7.67,10.0,10.0,10.0,10.0,0,1.0,8,2,1
28,7.83,7.83,7.75,7.75,7.75,7.75,10.0,10.0,10.0,9.6,0,0.0,9,0,1
28,8.17,7.83,7.67,7.83,7.67,7.67,10.0,10.0,10.0,11.5,0,0.0,8,0,1
22,7.92,7.75,7.67,7.67,7.83,7.75,10.0,10.0,10.0,9.9,1,0.0,8,2,1
28,8.08,7.83,7.67,7.67,7.67,7.75,10.0,10.0,10.0,11.2,0,0.0,8,2,1
28,7.83,8.0,7.67,7.75,7.67,7.75,10.0,10.0,10.0,10.3,0,0.0,8,0,1
36,8.0,7.83,7.75,7.67,7.58,7.83,10.0,10.0,10.0,11.6,0,0.0,7,0,1
4,7.75,7.83,7.67,7.83,7.75,7.75,10.0,10.0,10.0,11.7,0,1.0,8,0,1
28,7.75,7.92,7.83,7.75,7.75,7.75,10.0,10.0,10.0,11.3,0,0.0,5,0,1
11,7.83,7.92,7.75,7.75,7.75,7.75,10.0,10.0,10.0,9.8,0,0.0,8,3,1
8,7.92,7.83,7.75,7.92,7.58,7.67,10.0,10.0,10.0,10.9,0,0.0,8,9,1
28,8.08,7.92,7.75,7.83,7.5,7.58,10.0,10.0,10.0,10.2,0,0.0,8,0,1
28,7.83,8.0,7.5,7.75,7.75,7.75,10.0,10.0,10.0,10.1,0,0.0,5,1,1
9,7.67,7.83,7.75,7.75,7.83,7.75,10.0,10.0,10.0,9.2,0,1.0,8,5,1
33,7.92,7.83,7.75,7.92,7.5,7.67,10.0,10.0,10.0,10.1,3,0.0,14,7,1
8,7.83,7.75,7.58,7.92,8.0,7.5,10.0,10.0,10.0,11.0,0,5.0,12,4,1
7,7.83,7.83,7.83,7.83,7.67,7.67,10.0,10.0,10.0,10.3,0,0.0,7,4,1
3,7.75,7.75,7.75,7.75,7.83,7.67,10.0,10.0,10.0,11.6,0,0.0,8,1,1
13,7.67,7.67,7.83,7.83,7.67,7.75,10.0,10.0,10.0,11.5,0,1.0,4,1,1
9,7.58,7.92,7.67,7.75,7.83,7.75,10.0,10.0,10.0,10.0,0,0.0,8,1,1
17,7.92,7.92,7.58,7.75,7.58,7.67,10.0,10.0,10.0,12.1,0,0.0,4,0,1
11,7.75,7.75,7.58,7.83,7.75,7.75,10.0,10.0,10.0,10.2,0,0.0,8,2,1
9,7.58,7.92,7.58,7.83,7.75,7.67,10.0,10.0,10.0,11.0,0,3.0,8,2,1
28,7.83,7.92,7.83,7.58,7.58,7.67,10.0,10.0,10.0,10.8,0,0.0,9,2,1
28,7.92,7.75,7.67,7.75,7.75,8.0,9.33,10.0,10.0,10.6,0,0.0,11,0,1
9,7.67,7.83,7.67,7.83,7.75,7.67,10.0,10.0,10.0,11.0,0,1.0,8,2,1
9,7.67,7.92,7.67,7.75,7.67,7.58,10.0,10.0,10.0,11.0,0,2.0,8,2,1
11,7.75,7.75,7.75,7.67,7.75,7.67,10.0,10.0,10.0,9.4,0,0.0,8,0,1
29,7.58,7.67,7.75,7.75,7.75,7.75,10.0,10.0,10.0,9.8,0,0.0,9,3,1
8,8.0,7.75,7.5,7.67,7.67,7.67,10.0,10.0,10.0,11.3,1,1.0,8,1,1
29,7.75,7.58,7.58,7.92,7.67,7.75,10.0,10.0,10.0,11.6,0,0.0,9,2,1
3,7.67,7.83,7.58,7.92,7.67,7.67,10.0,10.0,10.0,13.3,0,2.0,8,3,1
4,7.67,7.92,7.58,7.75,7.67,7.58,10.0,10.0,10.0,9.5,0,0.0,8,2,1
9,7.83,7.83,7.58,7.67,7.67,7.58,10.0,10.0,10.0,11.9,0,0.0,9,0,1
9,7.58,7.83,7.58,7.75,7.67,7.75,10.0,10.0,10.0,10.0,0,1.0,8,2,1
30,7.75,7.67,7.58,7.75,7.75,7.67,10.0,10.0,10.0,11.6,0,0.0,15,3,1
3,7.67,7.75,7.67,7.75,7.67,7.67,10.0,10.0,10.0,11.9,0,1.0,8,1,1
9,7.58,7.83,7.67,7.67,7.67,7.67,10.0,10.0,10.0,10.8,0,0.0,8,4,1
9,7.58,7.92,7.5,7.67,7.75,7.67,10.0,10.0,10.0,10.9,0,1.0,9,4,1
8,7.83,7.67,7.5,7.92,7.5,7.67,10.0,10.0,10.0,12.0,0,0.0,8,12,1
3,7.92,7.75,7.42,7.58,7.92,7.67,10.0,10.0,10.0,12.1,2,5.0,8,5,1
33,7.67,7.92,7.58,7.58,7.58,7.75,10.0,10.0,10.0,11.8,0,3.0,8,3,1
3,7.67,7.92,7.67,7.58,7.67,7.67,10.0,10.0,10.0,10.6,0,0.0,9,1,1
20,7.67,7.67,7.58,7.67,7.83,7.58,10.0,10.0,10.0,11.7,4,0.0,8,12,1
3,7.83,7.75,7.5,7.58,7.67,7.67,10.0,10.0,10.0,12.4,1,0.0,9,9,1
28,7.67,7.67,7.75,7.75,7.5,7.67,10.0,10.0,10.0,10.0,0,0.0,5,0,1
21,7.83,7.83,7.67,7.58,7.58,7.58,10.0,10.0,10.0,10.2,0,1.0,10,1,1
28,7.58,7.75,7.67,7.83,7.5,7.67,10.0,10.0,10.0,9.2,0,0.0,9,0,1
11,7.67,7.67,7.58,7.75,7.67,7.67,10.0,10.0,10.0,11.1,0,2.0,10,1,1
28,7.58,7.67,7.5,7.75,7.75,7.67,10.0,10.0,10.0,8.4,0,0.0,8,0,1
28,7.58,7.75,7.58,7.75,7.58,7.67,10.0,10.0,10.0,9.1,0,0.0,8,0,1
9,7.58,7.83,7.58,7.67,7.58,7.58,10.0,10.0,10.0,10.9,0,2.0,8,4,1
11,7.75,7.67,7.58,7.58,7.58,7.67,10.0,10.0,10.0,11.2,0,1.0,8,5,1
3,7.75,7.75,7.5,7.58,7.83,7.5,10.0,10.0,10.0,12.2,0,0.0,5,2,1
30,7.42,7.83,7.58,7.67,7.67,7.75,10.0,10.0,10.0,13.1,0,0.0,8,0,1
8,7.42,7.42,7.42,8.0,7.92,7.67,10.0,10.0,10.0,10.4,0,1.0,9,11,1
30,7.67,7.67,7.5,7.67,7.58,7.67,10.0,10.0,10.0,11.6,0,2.0,8,0,1
31,7.75,7.75,7.5,7.5,7.58,7.58,10.0,10.0,10.0,10.1,0,0.0,8,3,1
28,7.75,7.92,7.67,7.92,7.75,7.83,8.67,10.0,10.0,10.1,0,0.0,4,0,1
31,7.75,7.67,7.58,7.5,7.67,7.5,10.0,10.0,10.0,11.1,0,0.0,8,5,1
28,7.58,7.67,7.5,7.75,7.5,7.58,10.0,10.0,10.0,9.7,0,0.0,9,0,1
9,7.5,7.75,7.58,7.75,7.67,7.58,10.0,10.0,10.0,11.4,0,0.0,8,0,1
28,7.58,7.67,7.58,7.75,7.42,7.58,10.0,10.0,10.0,9.6,0,0.0,8,1,1
3,7.67,7.67,7.42,7.75,7.5,7.75,10.0,10.0,10.0,13.5,0,0.0,9,0,1
4,7.58,7.75,7.42,7.67,7.5,7.75,10.0,10.0,10.0,0.0,0,0.0,8,3,1
28,7.75,7.83,7.58,7.58,7.58,7.5,10.0,10.0,10.0,10.7,0,0.0,4,1,1
30,7.92,7.92,7.75,7.33,7.58,7.5,10.0,10.0,10.0,12.3,0,0.0,14,16,1
29,7.92,7.67,7.42,7.5,7.67,7.58,10.0,10.0,10.0,10.4,0,0.0,9,8,1
0,7.58,7.5,7.5,7.83,7.67,7.5,10.0,10.0,10.0,11.6,0,0.0,8,4,1
28,7.75,7.75,7.58,7.67,7.42,7.5,10.0,10.0,10.0,9.6,0,0.0,8,1,1
3,7.67,7.67,7.58,7.67,7.58,7.58,10.0,10.0,10.0,10.9,0,0.0,7,2,1
11,7.67,7.75,7.67,7.58,7.5,7.58,10.0,10.0,10.0,10.5,0,0.0,5,3,1
11,7.75,7.58,7.58,7.58,7.5,7.58,10.0,10.0,10.0,11.3,0,1.0,8,5,1
28,7.75,7.75,7.5,7.75,7.5,7.42,10.0,10.0,10.0,9.7,0,0.0,9,2,1
28,7.67,7.67,7.5,7.58,7.58,7.5,10.0,10.0,10.0,11.8,0,0.0,4,0,1
16,7.67,7.75,7.33,7.67,7.58,7.5,10.0,10.0,10.0,11.8,0,0.0,7,7,1
11,7.67,7.67,7.5,7.58,7.58,7.5,10.0,10.0,10.0,10.6,0,2.0,8,7,1
11,7.75,7.58,7.58,7.58,7.58,7.5,10.0,10.0,10.0,9.6,0,0.0,8,2,1
3,8.0,7.67,7.42,7.58,7.58,7.42,10.0,10.0,10.0,13.1,0,0.0,5,1,1
28,7.5,7.67,7.58,7.58,7.5,7.5,10.0,10.0,10.0,8.9,0,0.0,4,0,1
20,7.75,7.5,7.42,7.67,7.58,7.5,10.0,10.0,10.0,11.9,2,0.0,8,1,1
3,7.58,7.5,7.5,7.67,7.58,7.5,10.0,10.0,10.0,11.5,0,1.0,9,3,1
28,7.67,7.5,7.42,7.75,7.42,7.58,10.0,10.0,10.0,10.2,0,0.0,14,0,1
11,7.67,7.58,7.5,7.5,7.58,7.5,10.0,10.0,10.0,10.0,0,0.0,8,4,1
30,7.17,7.92,7.58,7.5,7.58,7.67,10.0,10.0,10.0,11.8,0,0.0,14,5,1
36,7.58,7.42,7.58,7.5,7.67,7.75,10.0,10.0,10.0,13.3,0,0.0,8,4,1
22,7.33,7.58,7.25,7.33,7.75,8.17,10.0,10.0,10.0,10.5,5,2.0,8,1,1
4,7.33,7.5,7.25,7.92,7.75,7.58,10.0,10.0,10.0,11.8,0,0.0,10,1,1
3,7.58,7.67,7.58,7.5,7.33,7.5,10.0,10.0,10.0,11.8,0,1.0,8,2,1
30,7.33,7.58,7.58,7.5,7.67,7.67,10.0,10.0,10.0,13.0,1,0.0,9,0,1
30,7.5,7.58,7.5,7.42,7.5,7.58,10.0,10.0,10.0,11.2,0,0.0,12,0,1
11,7.67,7.58,7.33,7.5,7.58,7.5,10.0,10.0,10.0,9.6,0,0.0,8,2,1
28,7.67,7.67,7.42,7.42,7.42,7.5,10.0,10.0,10.0,9.8,0,0.0,8,0,1
28,7.67,7.58,7.42,7.42,7.5,7.5,10.0,10.0,10.0,8.4,0,0.0,4,2,1
22,7.5,7.58,7.42,7.58,7.5,7.58,10.0,10.0,10.0,10.1,0,0.0,8,0,1
7,7.67,7.33,7.17,7.67,7.83,7.5,10.0,10.0,10.0,11.3,0,0.0,8,2,1
23,7.75,7.67,7.17,7.67,7.42,7.42,10.0,10.0,10.0,10.0,0,0.0,8,0,1
0,7.5,7.58,7.5,7.5,7.67,7.42,10.0,10.0,10.0,11.8,0,1.0,5,1,1
33,7.33,7.58,7.5,7.5,7.5,7.58,10.0,10.0,10.0,11.7,0,0.0,4,1,1
20,7.67,7.42,7.5,7.5,7.67,7.42,10.0,10.0,10.0,10.7,0,0.0,10,0,1
11,7.58,7.58,7.33,7.5,7.58,7.42,10.0,10.0,10.0,10.6,0,0.0,8,8,1
28,7.42,7.42,7.58,7.42,7.58,7.5,10.0,10.0,10.0,8.4,0,0.0,8,2,1
22,7.58,7.58,7.42,7.42,7.5,7.5,10.0,10.0,10.0,11.4,0,0.0,5,0,0
36,7.5,7.5,7.33,7.5,7.5,7.42,10.0,10.0,10.0,10.5,0,0.0,5,0,0
7,7.5,7.5,7.42,7.42,7.42,7.67,10.0,10.0,10.0,12.0,0,7.0,8,10,0
7,7.33,7.67,7.25,7.67,7.83,7.42,10.0,10.0,10.0,11.8,0,0.0,5,0,0
28,7.67,7.58,7.42,7.5,7.33,7.42,10.0,10.0,10.0,10.8,0,0.0,8,1,0
25,7.67,7.5,7.33,7.58,7.33,7.42,10.0,10.0,10.0,11.7,0,1.0,9,3,0
33,7.75,7.42,7.33,7.5,7.33,7.5,10.0,10.0,10.0,10.6,1,0.0,8,5,0
15,7.5,7.5,7.42,7.5,7.25,7.5,10.0,10.0,10.0,11.2,0,0.0,8,2,0
11,7.67,7.5,7.25,7.5,7.5,7.33,10.0,10.0,10.0,10.6,0,0.0,8,8,0
28,7.5,7.67,7.33,7.5,7.25,7.33,10.0,10.0,10.0,9.7,0,0.0,5,0,0
28,7.33,7.42,7.42,7.5,7.42,7.5,10.0,10.0,10.0,8.1,0,0.0,9,3,0
28,7.5,7.58,7.42,7.42,7.25,7.42,10.0,10.0,10.0,8.2,0,0.0,8,1,0
30,7.17,7.5,7.42,7.42,7.58,7.5,10.0,10.0,10.0,9.8,0,0.0,8,0,0
4,7.42,7.42,7.42,7.33,7.58,7.33,10.0,10.0,10.0,10.5,1,2.0,8,8,0
9,7.42,7.42,7.42,7.33,7.5,7.42,10.0,10.0,10.0,11.5,0,1.0,4,2,0
13,7.67,7.33,7.25,7.67,7.42,7.25,10.0,10.0,10.0,12.5,0,0.0,5,0,0
25,7.5,7.5,7.33,7.5,7.33,7.33,10.0,10.0,10.0,11.6,0,2.0,9,2,0
9,7.33,7.42,7.33,7.42,7.58,7.42,10.0,10.0,10.0,10.3,0,0.0,9,1,0
28,7.25,7.42,7.42,7.5,7.42,7.42,10.0,10.0,10.0,11.3,0,0.0,8,0,0
36,7.5,7.5,7.25,7.42,7.42,7.42,10.0,10.0,10.0,11.2,0,0.0,8,4,0
0,7.5,7.5,7.42,7.33,7.33,7.33,10.0,10.0,10.0,11.3,0,0.0,10,2,0
0,7.42,7.5,7.58,7.33,7.33,7.25,10.0,10.0,10.0,11.1,0,0.0,14,0,0
3,7.33,7.5,7.33,7.42,7.42,7.42,10.0,10.0,10.0,11.2,0,0.0,14,0,0
20,7.58,7.42,7.25,7.25,7.5,7.33,10.0,10.0,10.0,11.8,2,0.0,8,2,0
4,7.33,7.42,7.25,7.42,7.42,7.33,10.0,10.0,10.0,9.7,0,2.0,8,4,0
28,7.42,7.5,7.33,7.33,7.33,7.33,10.0,10.0,10.0,9.0,0,0.0,14,0,0
28,7.33,7.5,7.42,7.33,7.33,7.25,10.0,10.0,10.0,8.5,0,0.0,8,0,0
30,7.33,7.42,7.25,7.33,7.5,7.42,10.0,10.0,10.0,11.6,2,0.0,8,1,0
30,7.42,7.25,7.33,7.42,7.33,7.33,10.0,10.0,10.0,10.5,0,0.0,15,5,0
30,7.25,7.25,7.42,7.25,7.42,7.42,10.0,10.0,10.0,10.4,0,0.0,8,0,0
3,7.42,7.25,7.25,7.42,7.17,7.33,10.0,10.0,10.0,11.4,0,2.0,9,2,0
0,7.42,7.42,7.25,7.25,7.17,7.25,10.0,10.0,10.0,10.6,0,2.0,9,1,0
7,7.42,7.33,7.33,7.5,7.08,7.0,10.0,10.0,10.0,10.5,0,8.0,5,7,0
22,7.25,7.25,7.17,7.33,7.08,7.25,10.0,10.0,10.0,11.5,0,1.0,9,3,0
22,7.42,7.17,7.0,7.08,7.42,7.17,10.0,10.0,10.0,11.2,0,0.0,8,5,0
3,7.25,7.25,7.17,7.33,7.0,7.17,10.0,10.0,10.0,11.0,0,3.0,9,3,0
25,7.5,7.25,7.17,7.17,7.17,7.08,10.0,10.0,10.0,11.8,0,6.0,9,11,0
7,7.08,7.25,7.08,7.42,7.42,7.08,10.0,10.0,10.0,11.5,0,10.0,5,7,0
0,7.25,7.17,7.17,7.08,7.17,7.17,10.0,10.0,10.0,11.6,0,1.0,9,2,0
0,7.17,7.17,6.92,7.17,7.42,7.17,10.0,10.0,10.0,11.4,0,0.0,8,4,0
22,7.33,7.08,6.75,7.17,7.42,7.17,10.0,10.0,10.0,10.4,0,2.0,8,12,0
16,7.25,7.17,7.08,7.0,7.08,7.08,10.0,10.0,10.0,11.6,0,9.0,8,11,0
7,6.5,6.75,6.75,7.17,7.08,7.0,10.0,10.0,10.0,11.0,0,12.0,5,13,0
0,7.25,7.08,6.67,6.83,6.83,6.67,10.0,10.0,10.0,11.3,0,0.0,8,1,0
8,8.67,8.83,8.67,8.75,8.5,8.42,10.0,10.0,10.0,0.12,0,0.0,2,0,1
8,8.75,8.67,8.5,8.58,8.42,8.42,10.0,10.0,10.0,0.12,0,0.0,2,1,1
9,8.42,8.5,8.42,8.42,8.33,8.42,10.0,10.0,10.0,0.0,0,0.0,3,0,1
8,8.17,8.58,8.42,8.42,8.5,8.25,10.0,10.0,10.0,0.11,0,0.0,2,2,1
8,8.25,8.5,8.25,8.5,8.42,8.33,10.0,10.0,10.0,0.12,0,0.0,2,2,1
0,8.58,8.42,8.42,8.5,8.25,8.33,10.0,10.0,10.0,0.11,0,0.0,1,1,1
25,8.42,8.5,8.33,8.5,8.25,8.25,10.0,10.0,10.0,0.11,0,0.0,1,0,1
8,8.25,8.33,8.5,8.42,8.33,8.5,10.0,10.0,9.33,0.03,0,0.0,3,0,1
8,8.67,8.67,8.58,8.42,8.33,8.42,9.33,10.0,9.33,0.03,0,0.0,3,0,1
8,8.08,8.58,8.5,8.5,7.67,8.42,10.0,10.0,10.0,0.1,0,0.0,2,4,1
8,8.17,8.67,8.25,8.5,7.75,8.17,10.0,10.0,10.0,0.1,0,0.0,3,1,1
32,8.25,8.42,8.17,8.33,8.08,8.17,10.0,10.0,10.0,0.0,0,0.0,3,0,1
32,8.08,8.67,8.33,8.42,8.0,8.08,10.0,10.0,10.0,0.0,0,0.0,3,0,1
33,8.33,8.42,8.08,8.25,8.25,8.0,10.0,10.0,10.0,0.0,0,0.0,3,2,1
8,8.25,8.33,8.5,8.25,8.58,8.75,9.33,10.0,9.33,0.05,0,0.0,3,2,1
32,8.0,8.5,8.58,8.17,8.17,8.0,10.0,10.0,10.0,0.0,0,0.0,3,0,1
13,8.33,8.25,7.83,7.75,8.5,8.42,10.0,10.0,10.0,0.03,0,0.0,3,0,1
8,8.17,8.33,8.25,8.33,8.42,8.33,9.33,10.0,9.33,0.05,0,0.0,3,2,1
2,8.42,8.25,8.08,8.17,7.92,8.0,10.0,10.0,10.0,0.1,0,0.0,2,0,1
8,8.17,8.17,8.0,8.17,8.08,8.33,10.0,10.0,10.0,0.0,0,0.0,3,8,1
32,8.0,8.25,8.08,8.5,8.25,8.0,10.0,10.0,10.0,0.0,0,0.0,3,0,1
4,8.08,8.25,8.0,8.17,8.0,8.33,10.0,10.0,10.0,0.11,0,0.0,2,2,1
20,8.17,8.25,8.17,8.0,7.83,8.17,10.0,10.0,10.0,0.13,0,0.0,2,0,1
32,8.25,8.33,8.17,8.17,7.83,8.17,10.0,10.0,10.0,0.0,0,0.0,3,0,1
8,8.42,8.17,7.92,8.17,8.33,8.0,10.0,10.0,10.0,0.11,0,0.0,1,1,1
0,8.5,8.5,8.0,8.0,8.0,8.0,10.0,10.0,10.0,0.12,0,0.0,2,2,1
8,7.83,8.25,8.08,8.17,8.17,8.17,10.0,10.0,10.0,0.05,0,0.0,3,2,1
31,8.42,8.17,8.17,8.17,7.83,7.92,10.0,10.0,10.0,0.12,0,0.0,2,1,1
11,8.17,8.08,8.08,8.0,8.08,8.0,10.0,10.0,10.0,0.1,0,0.0,2,3,1
28,8.0,8.0,8.0,8.25,8.0,8.17,10.0,10.0,10.0,0.0,0,0.0,2,0,1
22,7.92,8.25,8.0,8.33,8.0,8.08,10.0,10.0,10.0,0.08,0,0.0,3,2,1
29,8.42,8.17,8.17,8.0,7.58,8.0,10.0,10.0,10.0,0.11,0,0.0,1,1,1
0,8.5,8.17,8.0,7.75,8.0,8.0,10.0,10.0,10.0,0.12,0,0.0,2,2,1
4,8.17,7.83,8.0,8.08,7.83,8.0,10.0,10.0,10.0,0.0,0,0.0,0,0,1
8,8.0,8.08,7.92,8.0,8.08,8.08,10.0,10.0,10.0,0.1,0,0.0,2,3,1
15,8.08,8.0,8.0,8.25,7.92,7.92,10.0,10.0,10.0,0.12,0,0.0,0,1,1
33,8.08,8.17,8.0,7.92,7.92,7.83,10.0,10.0,10.0,0.0,1,0.0,3,4,1
33,8.25,8.42,8.08,7.75,7.67,7.83,10.0,10.0,10.0,0.0,2,0.0,3,1,1
8,7.92,7.75,8.08,8.08,8.08,8.17,10.0,10.0,10.0,0.1,0,0.0,3,2,1
32,7.67,8.17,8.0,8.0,8.17,8.08,10.0,10.0,10.0,0.0,0,0.0,3,0,1
30,7.83,8.33,7.83,8.25,7.58,7.92,10.0,10.0,10.0,0.1,1,0.0,2,9,1
0,8.17,7.92,7.92,7.75,8.33,8.0,10.0,10.0,10.0,0.08,0,0.0,3,2,1
0,8.42,7.92,8.0,7.75,7.92,8.0,10.0,10.0,10.0,0.01,0,0.0,3,3,1
28,8.08,8.17,7.75,8.08,7.75,7.83,10.0,10.0,10.0,0.12,0,0.0,2,0,1
15,8.08,8.08,8.0,8.0,7.83,8.08,10.0,10.0,10.0,0.11,0,0.0,1,2,1
0,8.33,8.0,8.0,8.0,7.75,8.0,10.0,10.0,10.0,0.11,0,0.0,0,2,1
31,8.08,8.08,7.83,7.92,8.08,7.92,10.0,10.0,10.0,0.0,0,0.0,3,0,1
3,7.75,7.92,7.83,8.08,8.08,8.17,10.0,10.0,10.0,0.12,1,0.0,2,1,1
15,7.92,8.17,7.83,8.5,7.5,7.92,10.0,10.0,10.0,0.11,0,0.0,2,1,1
31,8.25,8.0,7.83,8.08,8.0,7.92,10.0,10.0,10.0,0.1,0,0.0,0,0,1
8,7.75,8.08,8.0,8.25,8.0,8.0,10.0,10.0,10.0,0.01,0,0.0,3,4,1
33,8.33,8.17,7.75,8.0,7.75,7.83,10.0,10.0,10.0,0.0,0,0.0,3,0,1
9,7.92,8.08,7.92,8.08,8.08,7.83,10.0,10.0,10.0,0.1,0,1.0,2,3,1
31,8.17,8.17,7.92,8.08,7.83,7.75,10.0,10.0,10.0,0.12,0,0.0,2,0,1
3,8.0,8.0,8.0,8.17,7.83,8.0,10.0,10.0,10.0,0.0,1,0.0,0,0,1
23,8.0,8.0,7.92,8.08,7.83,8.0,10.0,10.0,10.0,0.08,0,1.0,1,0,1
8,7.83,8.08,7.92,8.08,8.0,7.92,10.0,10.0,10.0,0.1,0,0.0,2,4,1
9,7.83,8.0,8.0,8.17,7.83,8.0,10.0,10.0,10.0,0.12,0,0.0,2,3,1
9,8.0,8.0,7.83,8.33,7.83,7.83,10.0,10.0,10.0,0.1,0,0.0,1,1,1
8,7.83,8.0,7.83,8.17,7.92,8.0,10.0,10.0,10.0,0.09,0,4.0,3,7,1
25,8.0,8.0,8.0,8.08,7.92,7.75,10.0,10.0,10.0,0.1,4,0.0,2,6,1
24,8.33,8.42,7.83,8.33,8.0,8.25,9.33,9.33,10.0,0.12,0,0.0,1,1,1
7,7.92,8.17,8.0,7.92,7.75,7.83,10.0,10.0,10.0,0.1,0,0.0,0,3,1
7,7.83,8.0,8.0,7.75,7.92,8.17,10.0,10.0,10.0,0.11,0,0.0,3,0,1
33,7.83,8.0,7.92,7.75,8.08,8.0,10.0,10.0,10.0,0.0,0,0.0,3,1,1
23,8.0,7.75,7.83,7.83,7.67,8.58,10.0,10.0,10.0,0.09,2,0.0,3,2,1
15,7.92,7.92,7.83,8.08,7.83,7.92,10.0,10.0,10.0,0.1,0,0.0,2,3,1
8,7.83,8.0,7.83,7.92,7.83,8.08,10.0,10.0,10.0,0.12,0,0.0,2,7,1
31,8.33,7.92,7.67,7.92,7.67,7.92,10.0,10.0,10.0,0.12,0,0.0,2,1,1
9,8.0,7.83,7.67,8.33,7.83,8.0,10.0,10.0,10.0,0.11,0,0.0,2,1,1
8,7.75,7.83,7.83,8.17,7.92,7.83,10.0,10.0,10.0,0.1,0,0.0,2,18,1
31,8.08,8.0,7.83,7.67,8.0,7.83,10.0,10.0,10.0,0.12,0,0.0,2,5,1
33,7.92,7.92,7.75,7.92,7.75,7.92,10.0,10.0,10.0,0.0,4,0.0,3,6,1
0,8.0,8.0,8.0,7.67,7.75,8.0,10.0,10.0,10.0,0.11,0,0.0,0,1,1
7,8.08,7.83,7.83,8.08,7.83,7.83,10.0,10.0,10.0,0.01,0,0.0,3,0,1
2,8.0,8.0,8.0,7.83,7.83,7.75,10.0,10.0,10.0,0.1,0,0.0,2,0,1
9,7.83,7.75,7.83,7.67,7.83,8.58,10.0,10.0,10.0,0.11,0,0.0,2,1,1
4,7.92,8.08,8.0,7.92,8.0,8.08,10.0,10.0,9.33,0.0,0,0.0,1,0,1
4,8.0,7.58,7.58,7.67,8.08,8.5,10.0,10.0,10.0,0.1,0,0.0,1,2,1
15,7.83,8.08,7.75,8.08,7.92,7.75,10.0,10.0,10.0,0.0,0,0.0,2,2,1
15,8.0,7.92,7.92,8.08,7.83,7.75,10.0,10.0,10.0,0.0,0,0.0,2,6,1
8,7.83,7.83,7.92,8.08,7.75,7.83,10.0,10.0,10.0,0.05,0,0.0,3,2,1
8,7.92,7.83,7.75,8.33,7.75,7.75,10.0,10.0,10.0,0.1,0,0.0,3,3,1
9,8.0,7.92,7.75,8.0,7.92,7.83,10.0,10.0,10.0,0.1,0,2.0,2,2,1
3,8.17,7.92,7.83,8.0,7.58,7.83,10.0,10.0,10.0,0.11,0,0.0,2,0,1
3,7.58,8.08,7.92,7.83,8.0,7.92,10.0,10.0,10.0,0.12,0,0.0,2,2,1
13,7.75,7.83,7.67,8.0,8.08,7.83,10.0,10.0,10.0,0.11,0,0.0,2,3,1
9,8.25,8.0,7.67,7.92,7.75,7.67,10.0,10.0,10.0,0.0,0,0.0,3,7,1
8,7.75,8.0,7.58,8.0,8.0,7.92,10.0,10.0,10.0,0.11,0,1.0,2,8,1
3,8.17,7.83,7.58,8.08,8.0,7.75,10.0,10.0,10.0,0.0,0,0.0,3,0,1
8,8.42,8.0,7.42,8.0,7.92,7.92,9.33,10.0,10.0,0.1,2,0.0,2,7,1
33,7.58,7.83,7.83,7.92,7.83,8.17,10.0,10.0,10.0,0.11,2,0.0,1,2,1
3,7.83,8.0,7.75,7.75,7.83,7.83,10.0,10.0,10.0,0.11,0,0.0,2,8,1
33,8.08,8.17,7.92,8.0,8.08,8.0,9.33,9.33,10.0,0.01,1,0.0,3,7,1
8,7.67,8.0,7.83,8.0,7.92,7.83,10.0,10.0,10.0,0.0,0,0.0,3,5,1
33,7.5,7.92,8.25,7.83,7.92,7.75,10.0,10.0,10.0,0.0,0,0.0,3,0,1
31,8.17,7.92,7.75,7.75,7.67,7.75,10.0,10.0,10.0,0.11,0,0.0,2,1,1
3,8.0,7.92,7.75,7.92,7.75,7.83,10.0,10.0,10.0,0.0,0,0.0,2,3,1
4,7.83,8.0,7.58,7.92,7.92,7.83,10.0,10.0,10.0,0.12,1,1.0,2,1,1
20,7.83,8.0,7.83,7.75,7.67,7.83,10.0,10.0,10.0,0.09,0,0.0,2,3,1
15,8.17,7.83,7.92,7.75,7.67,7.83,10.0,10.0,10.0,0.11,0,5.0,2,7,1
15,7.75,7.83,7.75,8.08,8.0,7.75,10.0,10.0,10.0,0.0,0,0.0,2,5,1
0,8.0,8.0,7.83,7.83,7.67,7.67,10.0,10.0,10.0,0.12,0,0.0,2,3,1
20,7.92,8.17,7.75,8.08,7.42,7.83,10.0,10.0,10.0,0.0,0,0.0,3,0,1
33,7.75,7.92,7.75,7.75,8.0,8.0,10.0,10.0,10.0,0.0,0,0.0,3,1,1
9,7.83,8.08,7.67,8.0,7.75,7.67,10.0,10.0,10.0,0.04,0,0.0,3,1,1
3,7.92,7.92,7.67,7.83,7.92,7.83,10.0,10.0,10.0,0.0,1,6.0,3,2,1
3,7.92,7.83,7.75,7.83,7.75,8.0,10.0,10.0,10.0,0.12,0,0.0,2,1,1
28,7.67,7.83,8.0,7.58,8.0,7.92,10.0,10.0,10.0,0.11,0,0.0,2,0,1
29,8.0,7.83,7.83,7.92,7.75,7.75,10.0,10.0,10.0,0.12,0,0.0,2,2,1
3,7.75,7.92,7.83,7.75,7.75,8.0,10.0,10.0,10.0,0.11,0,0.0,2,3,1
20,7.75,8.0,7.75,7.83,7.5,7.92,10.0,10.0,10.0,0.11,0,0.0,3,0,1
0,8.0,7.92,7.75,7.75,8.0,7.75,10.0,10.0,10.0,0.11,0,0.0,2,2,1
0,8.0,8.0,7.75,8.0,7.5,7.75,10.0,10.0,10.0,0.12,0,0.0,2,2,1
15,8.0,7.67,7.83,8.17,7.92,7.75,10.0,10.0,10.0,0.06,1,0.0,3,9,1
28,7.92,7.58,7.83,7.83,7.83,7.83,10.0,10.0,10.0,0.0,0,0.0,2,0,1
31,7.75,7.92,7.67,7.67,8.25,7.75,10.0,10.0,10.0,0.12,0,0.0,2,1,1
33,7.67,7.75,7.75,7.75,7.83,8.0,10.0,10.0,10.0,0.0,3,0.0,3,15,1
8,7.75,7.92,7.83,7.92,7.75,7.67,10.0,10.0,10.0,0.1,0,0.0,3,2,1
8,7.42,7.92,7.92,8.0,7.83,7.83,10.0,10.0,10.0,0.1,0,0.0,3,4,1
30,7.75,7.75,7.75,7.75,8.0,7.75,10.0,10.0,10.0,0.12,0,0.0,2,0,1
15,7.92,7.83,7.58,7.92,7.75,7.83,10.0,10.0,10.0,0.13,0,0.0,2,0,1
11,7.83,7.75,8.0,7.67,7.67,7.67,10.0,10.0,10.0,0.11,0,0.0,2,4,1
7,7.75,8.0,8.0,8.33,7.67,7.92,10.0,10.0,9.33,0.15,0,0.0,3,3,1
22,7.83,7.58,7.58,7.83,7.75,7.67,10.0,10.0,10.0,0.18,0,0.0,3,2,1
7,7.83,7.83,7.5,8.0,7.83,7.67,10.0,10.0,10.0,0.0,0,0.0,0,2,1
13,7.92,7.83,7.75,7.75,7.75,7.75,10.0,10.0,10.0,0.12,0,0.0,2,7,1
14,7.75,7.75,7.75,7.42,8.08,7.83,10.0,10.0,10.0,0.12,0,0.0,2,0,1
4,8.08,7.75,7.67,7.83,7.5,7.92,10.0,10.0,10.0,0.1,0,0.0,0,2,1
9,7.75,7.83,7.58,8.0,7.92,7.75,10.0,10.0,10.0,0.1,0,0.0,2,1,1
4,8.17,8.0,7.83,7.17,7.83,7.75,10.0,10.0,10.0,0.12,0,0.0,2,0,1
8,8.08,7.83,7.75,7.83,7.58,7.67,10.0,10.0,10.0,0.1,0,0.0,3,3,1
4,7.67,7.58,7.75,7.75,7.67,8.58,10.0,10.0,10.0,0.08,0,0.0,2,1,1
4,8.0,7.58,7.83,7.75,7.75,7.75,10.0,10.0,10.0,0.11,0,0.0,2,4,1
4,8.08,7.83,7.75,7.83,7.92,8.0,10.0,10.0,9.33,0.0,1,0.0,2,10,1
28,8.0,7.92,7.75,7.75,7.75,7.75,10.0,10.0,10.0,0.11,0,0.0,2,0,1
3,7.75,7.83,7.75,7.83,7.75,7.83,10.0,10.0,10.0,0.0,0,0.0,2,0,1
15,7.75,7.92,7.83,8.0,7.58,7.75,10.0,10.0,10.0,0.11,0,0.0,1,0,1
9,8.0,7.83,7.67,7.83,7.67,8.0,10.0,10.0,10.0,0.11,0,0.0,2,4,1
9,7.67,7.83,7.67,8.0,7.67,7.83,10.0,10.0,10.0,0.12,0,0.0,2,4,1
20,7.83,7.58,7.67,7.92,7.92,7.83,10.0,10.0,10.0,0.13,0,0.0,3,3,1
31,7.92,7.83,7.75,7.92,7.67,7.75,10.0,10.0,10.0,0.11,0,0.0,0,3,1
25,7.67,7.83,7.75,7.75,7.92,7.83,10.0,10.0,10.0,0.0,0,0.0,3,3,1
8,7.42,7.75,7.75,8.0,8.0,7.92,10.0,10.0,10.0,0.2,0,0.0,3,3,1
15,7.92,7.75,7.83,7.75,7.58,7.92,10.0,10.0,10.0,0.11,0,0.0,0,5,1
3,7.83,7.67,7.58,7.92,7.67,7.83,10.0,10.0,10.0,0.0,0,0.0,0,4,1
3,7.92,7.83,7.58,8.0,7.83,7.67,10.0,10.0,10.0,0.0,0,1.0,2,5,1
15,7.83,7.83,7.83,7.75,7.58,7.83,10.0,10.0,10.0,0.1,0,0.0,1,2,1
9,7.75,7.83,7.67,7.92,7.75,7.83,10.0,10.0,10.0,0.11,0,0.0,2,1,1
9,8.0,7.92,7.67,7.58,7.58,7.67,10.0,10.0,10.0,0.09,0,0.0,2,0,1
3,7.67,7.67,7.58,7.75,7.58,8.5,10.0,10.0,10.0,0.0,0,0.0,3,0,1
3,7.75,7.75,7.83,7.75,7.58,8.0,10.0,10.0,10.0,0.0,0,0.0,3,5,1
15,7.75,7.75,7.75,8.08,7.75,7.75,10.0,10.0,10.0,0.0,0,0.0,2,0,1
3,7.67,7.83,7.83,8.0,7.58,7.92,10.0,10.0,10.0,0.0,0,0.0,2,2,1
4,7.75,7.83,7.75,8.0,7.83,7.67,10.0,10.0,10.0,0.12,0,0.0,1,2,1
3,7.42,7.67,7.75,7.75,8.08,7.83,10.0,10.0,10.0,0.11,0,0.0,2,6,1
0,8.0,8.0,7.75,7.75,7.58,7.75,10.0,10.0,10.0,0.12,0,0.0,2,2,1
0,8.5,8.0,7.5,7.75,7.5,7.83,10.0,10.0,10.0,0.11,0,0.0,0,1,1
4,7.92,7.67,7.92,7.75,7.67,7.58,10.0,10.0,10.0,0.1,0,0.0,1,2,1
31,7.92,7.75,7.67,7.75,7.83,7.75,10.0,10.0,10.0,0.11,0,0.0,2,1,1
2,7.75,7.92,7.67,7.83,7.75,7.67,10.0,10.0,10.0,0.1,0,0.0,2,1,1
4,7.92,7.83,7.83,7.83,7.58,7.58,10.0,10.0,10.0,0.11,0,0.0,2,0,1
3,8.08,7.67,7.83,7.83,7.67,7.67,10.0,10.0,10.0,0.12,1,0.0,2,0,1
2,7.67,8.0,7.75,7.83,7.75,7.58,10.0,10.0,10.0,0.0,0,0.0,2,2,1
9,8.17,7.83,7.67,7.83,7.67,7.83,10.0,10.0,10.0,0.11,0,0.0,2,2,1
15,7.92,7.83,7.67,8.0,7.67,7.75,10.0,10.0,10.0,0.11,0,0.0,0,0,1
20,8.0,7.92,7.42,8.08,7.5,7.67,10.0,10.0,10.0,0.12,0,0.0,2,0,1
20,7.92,7.83,7.75,7.75,7.75,7.83,10.0,10.0,10.0,0.11,0,0.0,3,4,1
9,7.67,8.0,7.67,8.0,7.5,7.83,10.0,10.0,10.0,0.11,0,0.0,2,2,1
0,7.81,7.81,7.88,7.75,7.38,8.25,9.5,10.0,10.0,0.0,0,0.0,3,4,1
0,8.17,7.67,7.75,7.75,7.67,7.75,10.0,10.0,10.0,0.0,2,0.0,3,0,1
4,7.58,7.83,7.83,8.0,7.67,7.58,10.0,10.0,10.0,0.1,0,0.0,0,3,1
13,7.67,7.67,7.83,7.58,7.83,7.83,10.0,10.0,10.0,0.0,0,0.0,0,3,1
3,7.92,7.83,7.75,7.67,7.92,7.67,10.0,10.0,10.0,0.0,0,0.0,2,1,1
3,7.92,7.75,7.67,7.92,7.67,7.75,10.0,10.0,10.0,0.0,0,0.0,2,3,1
28,7.83,7.83,7.75,8.0,7.5,7.75,10.0,10.0,10.0,0.11,0,0.0,0,0,1
33,7.92,7.92,7.5,7.83,7.5,7.92,10.0,10.0,10.0,0.11,0,0.0,0,1,1
20,7.75,7.92,7.75,7.67,7.83,7.67,10.0,10.0,10.0,0.12,2,0.0,3,4,1
8,7.5,7.75,7.83,7.92,7.92,7.75,10.0,10.0,10.0,0.2,0,0.0,3,2,1
15,7.33,7.58,7.83,7.75,7.75,7.92,10.0,10.0,10.0,0.11,0,0.0,2,4,1
11,7.92,8.0,7.75,7.67,7.67,7.75,10.0,10.0,10.0,0.1,0,0.0,2,3,1
3,7.58,7.75,7.5,7.83,7.67,8.5,10.0,10.0,10.0,0.0,0,3.0,2,5,1
11,7.58,7.92,7.58,7.75,7.92,7.75,10.0,10.0,10.0,0.11,0,1.0,2,2,1
3,7.67,7.67,7.75,7.83,7.75,7.83,10.0,10.0,10.0,0.0,0,2.0,3,4,1
3,7.75,7.67,8.0,7.67,8.08,7.83,10.0,10.0,10.0,0.11,6,0.0,2,0,1
3,7.75,7.58,7.33,7.83,7.58,8.08,10.0,10.0,10.0,0.0,0,0.0,2,0,1
20,8.0,7.75,7.75,7.83,7.5,7.67,10.0,10.0,10.0,0.12,0,0.0,0,1,1
0,8.17,8.0,7.5,7.75,7.5,7.67,10.0,10.0,10.0,0.0,0,0.0,3,4,1
0,8.0,8.0,7.5,7.5,7.67,7.75,10.0,10.0,10.0,0.02,0,0.0,3,2,1
8,7.75,7.75,7.92,7.75,7.5,7.92,10.0,10.0,10.0,0.0,0,0.0,3,1,1
9,7.5,7.67,7.75,7.67,7.92,7.92,10.0,10.0,10.0,0.04,1,0.0,3,1,1
28,7.92,7.75,7.75,7.67,7.67,7.83,10.0,10.0,10.0,0.12,0,0.0,0,0,1
30,7.83,7.75,7.75,7.42,7.83,7.67,10.0,10.0,10.0,0.12,0,0.0,2,0,1
3,7.83,7.58,7.75,7.58,7.67,8.0,10.0,10.0,10.0,0.11,0,0.0,2,2,1
9,7.75,7.75,7.58,7.92,7.75,7.75,10.0,10.0,10.0,0.11,0,4.0,2,4,1
9,7.75,7.92,7.5,8.08,7.58,7.67,10.0,10.0,10.0,0.1,0,0.0,2,1,1
2,7.83,7.83,7.58,7.75,7.75,7.75,10.0,10.0,10.0,0.1,0,0.0,2,1,1
3,7.67,7.67,7.75,7.75,7.67,7.92,10.0,10.0,10.0,0.11,0,0.0,2,3,1
3,7.83,7.67,7.75,7.58,7.92,7.75,10.0,10.0,10.0,0.12,4,0.0,2,2,1
3,7.83,7.75,7.83,7.58,7.67,7.75,10.0,10.0,10.0,0.12,0,0.0,2,0,1
3,7.42,7.67,7.83,7.75,7.92,7.83,10.0,10.0,10.0,0.12,3,0.0,2,0,1
29,7.83,7.67,7.75,7.83,7.67,7.67,10.0,10.0,10.0,0.12,0,0.0,2,7,1
29,7.83,7.75,7.75,7.75,7.67,7.75,10.0,10.0,10.0,0.12,0,0.0,2,2,1
9,7.83,7.83,7.5,7.92,7.58,7.75,10.0,10.0,10.0,0.1,0,0.0,2,1,1
3,7.58,7.5,7.75,7.83,7.92,7.83,10.0,10.0,10.0,0.11,0,0.0,2,2,1
33,7.33,7.92,7.92,7.92,7.92,8.08,10.0,10.0,9.33,0.11,1,0.0,1,1,1
20,7.83,7.92,7.67,7.83,7.5,7.75,10.0,10.0,10.0,0.12,0,0.0,2,1,1
20,7.83,7.83,7.75,7.67,7.83,7.58,10.0,10.0,10.0,0.12,0,0.0,2,0,1
20,7.83,7.92,7.67,7.75,7.5,7.75,10.0,10.0,10.0,0.1,0,0.0,1,4,1
31,8.17,7.75,7.58,7.67,7.83,7.58,10.0,10.0,10.0,0.13,4,0.0,2,29,1
9,7.75,7.83,7.58,7.83,7.67,7.75,10.0,10.0,10.0,0.13,0,0.0,2,1,1
3,7.83,7.75,7.58,7.67,7.75,7.83,10.0,10.0,10.0,0.0,0,0.0,2,2,1
4,7.92,7.75,7.67,7.67,7.5,7.67,10.0,10.0,10.0,0.09,0,0.0,1,2,1
9,7.75,7.75,7.58,8.0,7.67,7.83,10.0,10.0,10.0,0.11,0,0.0,2,6,1
9,7.75,7.92,7.58,7.92,7.67,7.67,10.0,10.0,10.0,0.1,0,1.0,2,10,1
9,7.58,7.83,7.58,7.83,7.83,7.67,10.0,10.0,10.0,0.1,0,0.0,2,2,1
3,8.0,7.5,7.5,7.67,8.0,7.83,10.0,10.0,10.0,0.0,0,0.0,1,0,1
22,7.67,7.83,7.83,7.5,7.67,7.83,10.0,10.0,10.0,0.12,0,0.0,1,0,1
0,7.67,7.75,7.75,7.67,7.83,7.75,10.0,10.0,10.0,0.0,0,0.0,3,16,1
4,7.67,7.75,7.67,7.75,7.5,8.0,10.0,10.0,10.0,0.0,0,0.0,0,0,1
8,7.5,7.92,7.58,7.83,7.75,7.83,10.0,10.0,10.0,0.1,0,0.0,2,5,1
29,7.92,7.75,7.75,7.75,7.75,7.58,10.0,10.0,10.0,0.13,0,0.0,2,0,1
3,7.67,7.5,7.67,7.42,7.83,8.58,10.0,10.0,10.0,0.12,0,0.0,2,4,1
9,7.67,7.75,7.67,7.75,7.75,7.75,10.0,10.0,10.0,0.11,0,0.0,1,0,1
15,7.58,7.75,7.75,7.75,7.75,7.83,10.0,10.0,10.0,0.08,0,0.0,2,0,1
0,7.58,7.83,7.75,7.67,7.67,8.0,10.0,10.0,10.0,0.11,0,0.0,2,3,1
9,7.92,7.75,7.67,7.67,7.83,7.92,10.0,10.0,10.0,0.11,0,0.0,2,4,1
7,8.42,8.08,7.5,7.17,7.58,8.17,9.33,10.0,10.0,0.11,0,0.0,1,2,1
3,7.75,7.75,7.75,7.75,7.83,7.75,10.0,10.0,10.0,0.0,0,0.0,2,2,1
9,7.83,7.5,7.5,8.0,7.83,7.83,10.0,10.0,10.0,0.11,0,0.0,1,2,1
31,7.83,7.75,7.5,7.83,7.83,7.75,10.0,10.0,10.0,0.11,0,0.0,2,1,1
13,7.81,7.88,7.56,7.75,7.63,7.75,10.0,10.0,10.0,0.12,0,0.0,1,0,1
3,7.83,7.5,7.42,7.5,7.83,8.5,10.0,10.0,10.0,0.0,1,3.0,2,3,1
28,7.58,7.67,7.67,7.67,7.75,7.83,10.0,10.0,10.0,0.1,0,0.0,1,4,1
9,8.0,7.75,7.5,7.58,7.92,7.67,10.0,10.0,10.0,0.1,0,0.0,2,4,1
3,7.92,7.75,7.67,7.75,7.67,7.67,10.0,10.0,10.0,0.0,0,0.0,3,2,1
9,7.58,7.75,7.67,8.0,7.75,7.67,10.0,10.0,10.0,0.1,0,0.0,1,10,1
33,7.83,7.75,7.83,7.83,7.42,8.08,9.33,10.0,10.0,0.11,1,0.0,2,9,1
20,7.67,7.75,7.67,7.75,7.67,7.75,10.0,10.0,10.0,0.11,1,0.0,2,10,1
8,7.92,7.92,7.83,8.0,7.92,7.92,10.0,10.0,8.67,0.09,0,0.0,3,15,1
4,7.58,7.75,7.67,7.75,7.83,7.75,10.0,10.0,10.0,0.08,1,2.0,3,13,1
8,7.83,7.75,7.67,7.75,7.33,7.75,10.0,10.0,10.0,0.11,3,11.0,2,1,1
11,7.42,7.83,7.75,7.92,7.75,7.58,10.0,10.0,10.0,0.1,0,0.0,2,5,1
9,7.67,7.83,7.58,7.92,7.75,7.67,10.0,10.0,10.0,0.12,0,0.0,2,7,1
3,7.67,7.67,7.83,7.58,7.58,7.83,10.0,10.0,10.0,0.11,2,0.0,2,7,1
9,7.92,7.67,7.42,7.92,7.75,7.83,10.0,10.0,10.0,0.1,0,0.0,2,1,1
9,7.75,7.83,7.5,7.83,7.58,7.67,10.0,10.0,10.0,0.1,0,0.0,2,0,1
3,7.67,7.75,7.67,7.67,7.67,7.75,10.0,10.0,10.0,0.12,0,0.0,2,0,1
3,7.58,7.42,7.75,7.92,7.75,7.92,10.0,10.0,10.0,0.12,0,0.0,2,0,1
3,7.67,7.67,7.5,7.5,7.67,7.67,10.0,10.0,10.0,0.12,0,0.0,2,3,1
8,7.75,7.75,7.5,7.58,7.67,7.92,10.0,10.0,10.0,0.09,4,0.0,2,40,1
0,7.58,7.83,7.67,7.25,8.0,7.75,10.0,10.0,10.0,0.1,0,0.0,2,0,1
3,7.67,7.83,7.67,7.75,7.67,7.75,10.0,10.0,10.0,0.11,0,0.0,2,1,1
15,7.67,7.83,7.5,7.75,7.92,7.67,10.0,10.0,10.0,0.0,0,0.0,2,2,1
30,7.92,8.17,8.17,8.42,8.08,8.17,8.67,8.67,9.33,0.12,0,0.0,2,0,1
15,7.67,7.75,7.67,7.75,7.83,7.67,10.0,10.0,10.0,0.0,0,0.0,1,0,1
31,7.92,7.75,7.58,7.67,7.67,7.83,10.0,10.0,10.0,0.1,10,0.0,2,26,1
30,7.58,7.75,7.58,7.75,7.58,7.75,10.0,10.0,10.0,0.06,0,0.0,3,0,1
0,7.5,7.75,7.58,7.5,7.58,7.5,10.0,10.0,10.0,0.0,0,0.0,2,3,1
20,7.83,7.83,7.58,7.92,7.42,7.5,10.0,10.0,10.0,0.11,0,0.0,2,5,1
30,7.67,7.75,7.5,7.67,7.67,7.83,10.0,10.0,10.0,0.1,0,0.0,1,1,1
0,7.58,7.67,7.67,7.75,7.58,7.83,10.0,10.0,10.0,0.11,0,2.0,2,7,1
28,7.83,7.75,7.83,7.75,7.83,7.75,9.33,10.0,10.0,0.11,0,0.0,2,3,1
3,7.75,7.67,7.5,7.75,7.83,7.75,10.0,10.0,10.0,0.11,1,0.0,2,2,1
3,7.75,7.58,7.5,7.83,7.75,7.92,10.0,10.0,10.0,0.0,1,3.0,3,5,1
28,7.75,7.75,7.58,7.75,7.75,7.67,10.0,10.0,10.0,0.0,0,0.0,0,0,1
3,7.92,7.67,7.5,7.83,7.58,7.67,10.0,10.0,10.0,0.0,0,0.0,3,0,1
3,7.83,7.75,7.58,7.58,7.75,7.75,10.0,10.0,10.0,0.0,1,0.0,3,1,1
3,7.75,7.58,7.67,7.83,7.83,7.67,10.0,10.0,10.0,0.0,0,0.0,2,1,1
28,8.0,7.92,7.92,7.92,7.67,7.33,10.0,10.0,10.0,0.06,0,0.0,2,0,1
3,7.67,7.83,7.67,7.75,7.67,7.83,10.0,10.0,10.0,0.12,0,0.0,2,3,1
20,7.67,7.75,7.58,7.67,7.75,7.83,10.0,10.0,10.0,0.12,10,0.0,0,32,1
20,7.5,7.67,7.58,7.83,7.75,7.75,10.0,10.0,10.0,0.11,0,0.0,3,2,1
20,7.75,7.92,7.83,7.92,7.75,7.67,9.33,10.0,10.0,0.0,0,0.0,2,2,1
3,7.92,7.58,7.5,7.83,7.58,7.67,10.0,10.0,10.0,0.0,1,0.0,2,6,1
3,7.83,7.67,7.5,7.75,7.75,7.75,10.0,10.0,10.0,0.0,1,2.0,2,0,1
4,7.67,7.67,7.75,7.67,7.5,7.75,10.0,10.0,10.0,0.0,0,0.0,0,0,1
9,7.75,7.75,7.5,7.75,7.83,7.58,10.0,10.0,10.0,0.11,0,7.0,2,6,1
28,7.75,7.67,7.5,7.75,7.75,7.67,10.0,10.0,10.0,0.0,0,0.0,3,0,1
0,7.25,7.58,7.42,8.0,7.75,7.83,10.0,10.0,10.0,0.0,0,0.0,2,0,1
28,7.67,7.75,7.67,7.75,7.42,7.75,10.0,10.0,10.0,0.0,0,0.0,2,1,1
8,7.75,7.75,7.67,7.67,7.58,7.67,10.0,10.0,10.0,0.12,0,0.0,2,4,1
0,7.67,7.67,7.58,7.5,7.83,8.17,10.0,10.0,9.33,0.0,0,0.0,2,1,1
4,7.83,7.42,7.5,7.83,7.75,7.83,10.0,10.0,10.0,0.1,0,0.0,2,3,1
9,7.58,7.83,7.33,8.0,7.58,7.75,10.0,10.0,10.0,0.1,0,0.0,2,1,1
0,7.92,7.5,7.33,7.67,8.17,7.5,10.0,10.0,10.0,0.1,0,0.0,2,0,1
6,7.5,7.67,7.58,7.75,7.83,7.83,10.0,10.0,10.0,0.09,0,0.0,1,0,1
3,7.67,7.58,7.58,7.83,7.58,7.67,10.0,10.0,10.0,0.11,0,0.0,2,1,1
9,7.5,7.83,7.5,7.83,7.83,7.67,10.0,10.0,10.0,0.11,0,0.0,2,3,1
20,7.67,8.0,7.67,7.42,7.67,7.5,10.0,10.0,10.0,0.1,0,0.0,2,2,1
20,7.67,7.58,7.5,7.75,7.75,7.75,10.0,10.0,10.0,0.11,0,0.0,3,4,1
0,7.83,7.83,7.58,7.67,7.5,7.58,10.0,10.0,10.0,0.12,0,0.0,2,3,1
30,7.75,7.75,7.58,8.0,7.67,7.58,10.0,10.0,10.0,0.02,0,0.0,3,2,1
30,7.5,7.83,7.58,7.58,7.75,7.83,10.0,10.0,10.0,0.01,0,0.0,3,0,1
8,7.58,7.83,7.58,8.0,7.83,7.5,10.0,10.0,10.0,0.1,0,0.0,3,3,1
15,7.75,7.58,7.5,7.58,7.75,7.75,10.0,10.0,10.0,0.11,0,0.0,2,2,1
0,7.67,7.67,7.58,7.75,7.67,7.67,10.0,10.0,10.0,0.11,0,0.0,2,5,1
3,7.83,7.83,7.58,7.58,7.58,7.58,10.0,10.0,10.0,0.11,0,0.0,2,1,1
28,7.67,7.67,7.58,7.58,7.67,7.83,10.0,10.0,10.0,0.0,0,0.0,2,0,1
3,7.92,7.75,7.5,7.67,7.75,7.5,10.0,10.0,10.0,0.0,1,0.0,2,4,1
2,7.83,7.75,7.67,7.5,7.58,7.67,10.0,10.0,10.0,0.1,0,1.0,2,2,1
3,7.75,7.67,7.5,7.67,7.58,7.83,10.0,10.0,10.0,0.0,0,0.0,2,0,1
31,8.0,7.92,7.58,7.75,7.33,7.5,10.0,10.0,10.0,0.12,0,0.0,2,0,1
34,7.83,7.83,7.83,7.67,8.0,8.17,9.33,9.33,10.0,0.12,0,0.0,2,1,1
3,7.67,7.67,7.67,7.92,7.5,7.67,10.0,10.0,10.0,0.0,0,0.0,2,5,1
3,7.67,7.42,7.42,7.42,8.0,8.33,10.0,10.0,10.0,0.0,0,0.0,2,3,1
3,7.58,7.67,7.75,7.67,7.67,7.67,10.0,10.0,10.0,0.0,0,0.0,0,1,1
3,7.75,7.67,7.75,7.58,7.42,8.0,10.0,10.0,10.0,0.11,0,0.0,2,3,1
33,7.25,7.42,7.67,7.58,7.83,8.25,10.0,10.0,10.0,0.0,0,0.0,1,0,1
20,7.83,7.58,7.58,7.5,7.75,7.67,10.0,10.0,10.0,0.13,5,0.0,3,5,1
9,7.67,7.58,7.58,7.67,7.75,7.75,10.0,10.0,10.0,0.11,0,0.0,1,1,1
3,7.83,7.83,7.58,7.33,7.42,7.67,10.0,10.0,10.0,0.1,0,0.0,3,1,1
3,7.75,7.67,7.25,7.25,7.58,8.5,10.0,10.0,10.0,0.06,0,0.0,3,1,1
33,7.83,7.67,7.75,7.67,7.58,7.5,10.0,10.0,10.0,0.0,0,0.0,3,0,1
0,7.67,7.83,7.5,7.67,7.67,7.5,10.0,10.0,10.0,0.11,0,0.0,2,2,1
15,8.08,7.67,7.67,7.58,7.25,7.67,10.0,10.0,10.0,0.11,0,0.0,1,0,1
11,7.5,7.5,7.67,7.67,8.0,8.0,10.0,10.0,10.0,0.1,0,0.0,2,2,1
22,7.67,7.75,7.67,7.67,7.83,7.58,10.0,10.0,10.0,0.1,0,0.0,2,3,1
0,7.58,7.75,7.58,7.75,7.58,7.58,10.0,10.0,10.0,0.11,0,2.0,2,3,1
28,7.5,7.67,7.33,7.92,7.83,7.67,10.0,10.0,10.0,0.1,0,0.0,1,0,1
4,7.33,7.67,7.67,7.5,7.67,7.5,10.0,10.0,10.0,0.11,0,0.0,0,1,1
30,7.5,7.75,7.58,7.83,7.67,7.58,10.0,10.0,10.0,0.12,0,0.0,1,0,1
3,7.5,7.75,7.5,7.75,7.67,7.67,10.0,10.0,10.0,0.11,0,0.0,3,4,1
9,8.0,7.5,7.33,8.0,8.0,8.0,9.33,10.0,10.0,0.1,0,0.0,2,0,1
3,7.83,7.75,7.67,7.58,7.58,7.67,10.0,10.0,10.0,0.0,0,0.0,2,3,1
3,7.67,7.67,7.67,7.67,7.33,7.75,10.0,10.0,10.0,0.0,0,0.0,2,1,1
9,7.67,7.67,7.42,7.67,8.0,7.75,10.0,10.0,10.0,0.12,1,0.0,2,3,1
9,7.83,7.67,7.33,7.67,7.67,7.83,10.0,10.0,10.0,0.11,0,0.0,2,2,1
3,7.75,7.75,7.58,7.83,7.17,7.75,10.0,10.0,10.0,0.11,0,0.0,2,1,1
9,8.17,8.17,7.83,7.67,8.08,7.75,9.33,9.33,9.33,0.11,0,0.0,2,1,1
9,7.67,8.17,7.5,7.42,7.58,7.83,10.0,10.0,10.0,0.11,0,0.0,2,13,1
20,7.67,7.5,7.5,7.33,7.83,8.25,10.0,10.0,10.0,0.12,4,0.0,2,11,1
13,8.17,7.67,7.58,7.58,7.42,7.67,10.0,10.0,10.0,0.12,0,0.0,2,0,1
9,7.67,7.5,7.33,8.0,7.67,7.67,10.0,10.0,10.0,0.1,0,0.0,2,0,1
33,7.75,8.0,7.92,8.08,7.75,8.0,9.33,9.33,9.33,0.0,0,0.0,3,0,1
0,7.58,7.67,7.58,7.58,7.67,7.58,10.0,10.0,10.0,0.11,0,0.0,2,5,1
9,7.75,7.75,7.5,7.83,7.58,7.58,10.0,10.0,10.0,0.11,0,1.0,2,0,1
3,7.75,7.75,7.58,7.58,7.67,7.58,10.0,10.0,10.0,0.11,0,0.0,2,4,1
2,7.67,7.58,7.58,7.58,7.67,7.75,10.0,10.0,10.0,0.1,0,1.0,2,4,1
3,7.67,7.75,7.58,7.67,7.75,7.58,10.0,10.0,10.0,0.12,0,0.0,2,3,1
20,7.75,7.75,7.58,7.58,7.5,7.67,10.0,10.0,10.0,0.12,1,0.0,2,13,1
8,7.75,7.67,7.58,7.67,7.5,7.67,10.0,10.0,10.0,0.0,0,0.0,3,7,1
31,7.67,7.67,7.42,7.75,7.75,7.67,10.0,10.0,10.0,0.12,0,0.0,2,5,1
3,7.67,7.58,7.67,7.67,7.67,7.67,10.0,10.0,10.0,0.0,0,0.0,2,0,1
3,7.67,7.58,7.67,7.58,7.67,7.75,10.0,10.0,10.0,0.12,0,0.0,2,1,1
3,7.75,7.58,7.5,7.58,7.75,7.83,10.0,10.0,10.0,0.0,0,0.0,3,0,1
28,7.75,7.75,7.75,7.75,7.5,7.58,10.0,10.0,10.0,0.11,0,0.0,2,0,1
3,7.67,7.67,7.58,7.67,7.75,7.58,10.0,10.0,10.0,0.11,0,0.0,2,3,1
20,7.83,7.67,7.58,7.58,7.67,7.58,10.0,10.0,10.0,0.12,0,0.0,3,2,1
3,7.67,7.58,7.58,7.58,7.67,7.75,10.0,10.0,10.0,0.11,0,0.0,2,4,1
0,7.83,7.75,7.5,7.75,7.5,7.58,10.0,10.0,10.0,0.12,0,0.0,0,2,1
3,7.75,7.58,7.58,7.75,7.75,7.5,10.0,10.0,10.0,0.0,0,0.0,1,5,1
28,7.58,7.58,7.17,7.17,7.0,7.0,10.0,10.0,10.0,0.11,0,0.0,0,0,1
4,7.92,7.42,7.5,7.67,7.5,7.67,10.0,10.0,10.0,0.0,0,0.0,0,0,1
3,7.75,7.58,7.58,7.5,7.75,7.75,10.0,10.0,10.0,0.0,0,0.0,2,0,1
9,7.67,7.75,7.5,7.83,7.58,7.58,10.0,10.0,10.0,0.1,0,2.0,1,5,1
3,7.58,7.58,7.58,7.58,7.75,7.67,10.0,10.0,10.0,0.12,0,0.0,2,4,1
29,7.75,7.67,7.58,7.67,7.67,7.58,10.0,10.0,10.0,0.13,0,0.0,2,21,1
13,7.25,7.67,7.58,7.92,7.83,7.58,10.0,10.0,10.0,0.13,0,0.0,1,8,1
8,7.67,7.75,7.5,7.58,7.75,7.67,10.0,10.0,10.0,0.1,1,0.0,3,18,1
3,7.67,7.42,7.67,7.83,7.58,7.67,10.0,10.0,10.0,0.0,1,0.0,3,0,1
3,8.0,7.58,7.25,7.58,7.92,7.58,10.0,10.0,10.0,0.11,0,0.0,2,0,1
9,7.58,7.75,7.5,7.83,7.42,7.67,10.0,10.0,10.0,0.1,0,0.0,2,0,1
3,7.75,7.58,7.33,7.5,7.83,7.83,10.0,10.0,10.0,0.0,2,0.0,3,0,1
11,7.67,7.5,7.67,7.5,7.67,7.67,10.0,10.0,10.0,0.1,0,0.0,2,3,1
3,7.58,7.75,7.42,7.67,7.75,7.67,10.0,10.0,10.0,0.0,1,0.0,2,1,1
3,7.58,7.67,7.58,7.75,7.58,7.75,10.0,10.0,10.0,0.11,0,0.0,2,2,1
20,7.83,7.58,7.25,7.5,7.5,7.42,10.0,10.0,10.0,0.13,0,0.0,2,14,1
20,7.67,7.75,7.67,7.75,7.58,7.5,10.0,10.0,10.0,0.11,0,0.0,2,12,1
20,7.75,7.67,7.67,7.75,7.33,7.5,10.0,10.0,10.0,0.12,0,0.0,2,0,1
9,7.83,7.5,7.5,8.0,7.67,7.5,10.0,10.0,10.0,0.1,0,0.0,2,5,1
3,7.67,7.58,7.58,7.67,7.67,7.67,10.0,10.0,10.0,0.11,0,0.0,2,0,1
9,7.5,7.5,7.75,7.5,8.0,7.67,10.0,10.0,10.0,0.0,3,0.0,2,12,1
33,7.5,7.67,7.58,7.92,7.58,7.67,10.0,10.0,10.0,0.01,0,0.0,3,0,1
13,7.83,7.58,7.58,7.58,7.75,7.58,10.0,10.0,10.0,0.0,0,0.0,3,0,1
3,7.5,7.58,7.58,7.5,7.75,7.83,10.0,10.0,10.0,0.0,0,2.0,2,1,1
9,7.67,7.75,7.5,7.58,7.58,7.67,10.0,10.0,10.0,0.1,0,0.0,2,3,1
3,7.67,7.67,7.5,7.67,7.67,7.58,10.0,10.0,10.0,0.11,0,0.0,2,2,1
4,7.58,7.5,7.42,7.92,7.5,7.67,10.0,10.0,10.0,0.09,0,0.0,0,4,1
28,7.67,7.67,7.0,7.08,7.0,7.0,10.0,10.0,10.0,0.11,0,0.0,0,0,1
31,7.58,7.75,7.33,7.75,7.67,7.58,10.0,10.0,10.0,0.11,0,0.0,2,1,1
30,7.5,7.58,7.75,7.5,7.75,7.67,10.0,10.0,10.0,0.13,0,0.0,1,0,1
7,7.58,7.5,7.75,7.58,7.75,7.67,10.0,10.0,10.0,0.11,0,0.0,3,0,1
3,7.58,7.67,7.58,7.67,7.58,7.67,10.0,10.0,10.0,0.12,4,0.0,2,0,1
0,7.33,7.83,7.75,7.5,7.42,7.83,10.0,10.0,10.0,0.12,0,0.0,2,6,1
29,7.75,7.67,7.58,7.67,7.58,7.58,10.0,10.0,10.0,0.13,0,0.0,2,4,1
3,7.58,7.58,7.25,7.75,7.75,8.58,9.33,10.0,10.0,0.12,0,0.0,2,1,1
9,7.75,7.83,7.33,7.83,7.5,7.67,10.0,10.0,10.0,0.1,0,0.0,2,1,1
9,7.67,7.75,7.5,7.83,7.58,7.5,10.0,10.0,10.0,0.1,0,0.0,2,2,1
9,7.67,7.5,7.75,7.42,7.75,7.75,10.0,10.0,10.0,0.11,0,0.0,2,0,1
33,7.42,7.75,7.67,7.58,7.67,7.67,10.0,10.0,10.0,0.0,0,0.0,2,2,1
3,7.5,7.75,7.58,7.5,7.67,7.75,10.0,10.0,10.0,0.11,0,0.0,2,2,1
3,7.58,7.58,7.58,7.67,7.75,7.67,10.0,10.0,10.0,0.1,1,0.0,3,3,1
33,7.5,7.92,7.42,7.67,7.83,7.58,10.0,10.0,10.0,0.01,0,0.0,3,0,1
30,7.58,7.25,7.5,7.92,7.92,7.42,10.0,10.0,10.0,0.11,0,0.0,3,0,1
20,7.25,7.88,7.38,7.63,7.5,8.75,9.0,10.0,10.0,0.09,2,0.0,3,4,1
3,7.75,7.5,7.75,7.58,7.58,7.58,10.0,10.0,10.0,0.0,0,1.0,3,0,1
3,7.67,7.58,7.58,7.42,7.67,7.75,10.0,10.0,10.0,0.0,0,0.0,0,0,1
3,7.83,7.58,7.58,7.58,7.5,7.58,10.0,10.0,10.0,0.0,1,0.0,2,2,1
0,7.5,7.83,7.33,7.58,7.58,7.92,10.0,10.0,10.0,0.1,1,0.0,2,5,1
20,7.75,7.75,7.5,7.67,7.5,7.58,10.0,10.0,10.0,0.12,0,0.0,2,2,1
3,7.67,7.75,7.42,7.83,7.83,7.42,10.0,10.0,10.0,0.11,0,0.0,2,1,1
29,7.75,7.58,7.67,7.58,7.58,7.58,10.0,10.0,10.0,0.12,0,0.0,2,6,1
20,7.67,7.67,7.58,7.67,7.5,7.58,10.0,10.0,10.0,0.12,0,0.0,2,0,1
4,7.67,7.67,7.42,7.67,7.67,7.67,10.0,10.0,10.0,0.12,0,0.0,2,3,1
33,7.83,7.58,7.83,7.67,7.92,8.0,9.33,10.0,9.33,0.11,0,0.0,1,1,1
4,7.5,7.67,7.67,7.5,7.83,7.17,10.0,10.0,10.0,0.11,0,0.0,2,3,1
25,7.83,7.75,7.58,7.83,7.92,7.58,9.33,10.0,10.0,0.12,0,0.0,2,5,1
10,7.58,7.5,7.67,7.5,7.83,7.42,10.0,10.0,10.0,0.11,0,0.0,2,4,1
3,7.67,7.67,7.5,7.67,7.92,7.42,10.0,10.0,10.0,0.11,0,0.0,2,1,1
9,7.83,7.67,7.17,7.67,7.67,7.67,10.0,10.0,10.0,0.11,0,0.0,2,3,1
33,7.92,7.5,7.58,7.83,7.67,7.67,9.33,10.0,10.0,0.1,0,0.0,1,4,1
1,7.75,7.67,7.33,7.5,7.5,7.75,10.0,10.0,10.0,0.0,0,0.0,3,5,1
3,7.5,7.67,7.67,7.58,7.67,7.58,10.0,10.0,10.0,0.0,0,0.0,2,1,1
33,8.08,7.83,7.83,7.75,7.67,7.58,9.33,10.0,9.33,0.01,0,0.0,3,0,1
33,7.58,7.67,7.58,7.5,7.83,7.67,10.0,10.0,10.0,0.0,0,0.0,3,0,1
20,7.67,7.83,7.42,7.83,7.33,7.5,10.0,10.0,10.0,0.11,0,0.0,0,0,1
4,7.5,7.5,7.83,7.5,7.67,7.67,10.0,10.0,10.0,0.11,0,0.0,2,0,1
4,7.83,7.5,7.42,7.67,7.5,7.67,10.0,10.0,10.0,0.11,0,0.0,3,0,1
9,7.5,7.58,7.42,7.83,7.67,7.58,10.0,10.0,10.0,0.11,0,2.0,2,7,1
31,7.5,7.67,7.67,7.42,7.67,7.67,10.0,10.0,10.0,0.12,0,0.0,2,1,1
0,7.58,7.67,7.42,7.5,7.67,7.42,10.0,10.0,10.0,0.12,0,0.0,2,4,1
3,7.58,7.67,7.67,7.17,7.75,7.83,10.0,10.0,10.0,0.0,0,0.0,2,2,1
20,7.83,7.75,7.5,7.58,7.58,7.58,10.0,10.0,10.0,0.12,0,0.0,1,2,1
28,7.67,7.5,7.5,7.5,7.67,7.83,10.0,10.0,10.0,0.1,0,0.0,0,0,1
28,7.92,7.83,7.75,7.58,7.5,7.33,10.0,10.0,10.0,0.1,0,0.0,2,0,1
3,7.58,7.58,7.5,7.58,7.58,7.75,10.0,10.0,10.0,0.0,0,0.0,2,0,1
9,7.5,7.67,7.58,7.67,7.67,7.5,10.0,10.0,10.0,0.1,0,0.0,2,1,1
3,7.83,7.5,7.67,7.33,7.67,7.67,10.0,10.0,10.0,0.11,0,0.0,2,1,1
20,7.58,7.75,7.5,7.5,7.58,7.58,10.0,10.0,10.0,0.12,0,0.0,2,6,1
33,7.58,7.75,7.83,8.0,8.08,7.67,9.33,10.0,9.33,0.11,0,0.0,1,4,1
20,7.75,7.58,7.58,7.58,7.5,7.58,10.0,10.0,10.0,0.13,0,0.0,2,7,1
20,7.75,7.75,7.42,7.92,7.33,7.5,10.0,10.0,10.0,0.12,0,0.0,0,0,1
9,7.83,7.58,7.08,7.83,7.42,8.08,10.0,10.0,10.0,0.11,0,0.0,2,9,1
0,7.75,7.67,7.5,7.58,7.58,7.58,10.0,10.0,10.0,0.11,0,0.0,0,1,1
3,7.67,7.58,7.58,7.42,7.83,7.58,10.0,10.0,10.0,0.12,0,0.0,2,1,1
3,7.67,7.67,7.5,7.5,7.58,7.67,10.0,10.0,10.0,0.11,0,0.0,2,0,1
3,7.92,7.75,7.25,7.42,7.83,7.58,10.0,10.0,10.0,0.08,0,0.0,3,0,1
3,8.0,7.67,7.67,7.25,7.67,7.5,10.0,10.0,10.0,0.13,0,0.0,3,1,1
3,7.92,7.75,7.5,7.42,7.42,7.67,10.0,10.0,10.0,0.04,0,0.0,3,1,1
0,7.67,7.42,7.5,7.58,7.67,7.58,10.0,10.0,10.0,0.11,0,0.0,2,4,1
9,7.58,7.58,7.33,7.67,7.75,7.58,10.0,10.0,10.0,0.1,0,0.0,2,1,1
29,7.67,7.58,7.42,7.67,7.67,7.58,10.0,10.0,10.0,0.12,0,0.0,2,3,1
25,7.92,7.5,7.5,7.58,7.67,7.5,10.0,10.0,10.0,0.11,0,1.0,2,0,1
36,7.58,7.42,7.08,7.33,7.58,8.58,10.0,10.0,10.0,0.07,0,0.0,3,0,1
9,7.67,7.75,7.42,7.75,7.58,7.5,10.0,10.0,10.0,0.11,2,2.0,2,3,1
11,7.67,7.67,7.5,7.67,7.5,7.67,10.0,10.0,10.0,0.11,0,1.0,0,1,1
2,7.5,7.67,7.33,7.67,7.67,7.67,10.0,10.0,10.0,0.11,0,0.0,2,0,1
2,7.67,7.67,7.5,7.67,7.42,7.58,10.0,10.0,10.0,0.1,0,0.0,2,3,1
7,7.5,7.5,7.33,7.67,8.0,7.67,10.0,10.0,10.0,0.0,0,0.0,2,0,1
9,7.5,7.75,7.5,7.83,7.58,7.5,10.0,10.0,10.0,0.11,0,0.0,2,1,1
9,7.92,7.67,7.42,7.75,7.5,7.5,10.0,10.0,10.0,0.12,0,0.0,2,3,1
15,7.83,7.75,7.67,7.75,7.83,8.5,9.33,9.33,9.33,0.1,0,0.0,1,1,1
30,7.67,7.58,7.58,7.75,7.42,7.67,10.0,10.0,10.0,0.12,0,0.0,1,0,1
29,7.58,7.67,7.67,7.58,7.42,7.58,10.0,10.0,10.0,0.13,0,0.0,1,6,1
3,7.58,7.5,7.5,7.67,7.5,7.67,10.0,10.0,10.0,0.0,0,0.0,3,4,1
31,8.0,7.67,7.5,7.42,7.33,7.58,10.0,10.0,10.0,0.1,0,0.0,1,0,1
3,7.58,7.75,7.5,7.58,7.58,7.58,10.0,10.0,10.0,0.11,10,0.0,2,3,1
11,7.5,7.5,7.5,7.67,7.67,7.67,10.0,10.0,10.0,0.1,0,0.0,2,5,1
11,7.67,7.67,7.5,7.67,7.5,7.67,10.0,10.0,10.0,0.11,0,0.0,2,3,1
9,7.33,7.83,7.17,8.17,7.33,7.67,10.0,10.0,10.0,0.09,0,0.0,2,1,1
33,7.5,7.5,7.58,7.42,7.92,7.67,10.0,10.0,10.0,0.11,0,0.0,1,0,1
29,7.58,7.5,7.58,7.75,7.58,7.58,10.0,10.0,10.0,0.12,0,0.0,2,1,1
9,7.67,7.83,7.33,7.67,7.5,7.67,10.0,10.0,10.0,0.11,0,0.0,2,2,1
20,7.75,7.58,7.58,7.58,7.5,7.42,10.0,10.0,10.0,0.11,0,0.0,2,2,1
20,7.75,7.67,7.58,7.5,7.42,7.58,10.0,10.0,10.0,0.12,3,0.0,3,8,1
20,7.58,7.75,7.42,7.67,7.5,7.58,10.0,10.0,10.0,0.14,0,0.0,3,10,1
3,7.67,7.5,7.5,7.5,7.58,8.17,10.0,10.0,10.0,0.11,1,0.0,2,2,1
20,7.75,7.5,7.42,7.75,7.58,7.58,10.0,10.0,10.0,0.13,0,0.0,2,5,1
3,7.58,7.67,7.5,7.58,7.67,7.67,10.0,10.0,10.0,0.11,0,0.0,0,0,1
20,7.5,7.75,7.58,7.58,7.67,7.5,10.0,10.0,10.0,0.11,0,0.0,3,5,1
0,7.75,7.67,7.58,7.5,7.58,7.58,10.0,10.0,10.0,0.12,0,0.0,2,1,1
0,7.92,7.58,7.5,7.58,7.42,7.5,10.0,10.0,10.0,0.11,0,0.0,2,4,1
9,7.75,7.5,7.67,7.5,7.92,8.0,10.0,10.0,9.33,0.0,0,0.0,2,10,1
0,7.75,7.5,7.58,7.5,7.75,7.5,10.0,10.0,10.0,0.12,0,0.0,0,3,1
0,7.58,7.75,7.67,7.5,7.67,7.58,10.0,10.0,10.0,0.02,0,0.0,3,2,1
7,7.42,7.83,8.17,8.08,7.17,7.58,10.0,9.33,10.0,0.14,0,0.0,3,3,1
8,7.75,8.0,7.67,8.08,7.83,7.92,9.33,9.33,9.33,0.01,0,0.0,3,0,1
3,7.58,7.67,7.33,7.67,7.75,7.58,10.0,10.0,10.0,0.0,0,1.0,2,4,1
3,7.75,7.5,7.5,7.42,8.0,7.75,10.0,10.0,10.0,0.0,1,2.0,2,5,1
0,7.58,7.58,7.58,7.5,7.67,7.58,10.0,10.0,10.0,0.11,0,2.0,1,2,1
0,7.33,7.67,7.67,7.33,7.75,7.42,10.0,10.0,10.0,0.0,0,0.0,2,3,1
28,7.83,7.92,7.5,7.83,7.67,7.25,9.33,10.0,10.0,0.0,0,0.0,2,0,1
0,7.42,7.67,7.58,7.5,7.75,7.67,10.0,10.0,10.0,0.11,0,0.0,2,13,1
0,7.58,7.83,7.67,7.42,7.42,7.5,10.0,10.0,10.0,0.0,0,0.0,2,1,1
4,7.83,7.33,7.5,7.67,7.58,7.67,10.0,10.0,10.0,0.1,0,0.0,2,3,1
33,7.33,7.75,7.58,7.33,7.83,7.67,10.0,10.0,10.0,0.12,0,0.0,1,8,1
28,7.75,7.75,7.5,7.5,7.5,7.5,10.0,10.0,10.0,0.11,0,0.0,3,0,1
33,7.83,7.83,7.33,7.17,7.75,7.67,10.0,10.0,10.0,0.1,0,0.0,1,0,1
20,7.75,7.67,7.42,7.75,7.5,7.5,10.0,10.0,10.0,0.1,0,0.0,3,1,1
33,7.67,7.58,7.5,7.67,7.92,8.0,9.33,9.33,10.0,0.0,1,0.0,3,4,1
33,7.33,7.58,7.58,7.92,7.67,7.58,10.0,10.0,10.0,0.12,0,0.0,2,0,1
3,7.33,7.33,7.33,7.58,7.25,8.08,10.0,10.0,10.0,0.01,0,0.0,3,0,1
3,7.83,7.75,7.33,7.25,7.42,7.92,10.0,10.0,10.0,0.08,1,0.0,3,3,1
13,7.67,7.58,7.5,7.58,7.67,7.58,10.0,10.0,10.0,0.0,0,0.0,3,0,1
9,7.92,7.67,7.67,7.25,7.83,7.67,9.33,10.0,10.0,0.02,0,0.0,3,1,1
0,7.58,7.5,7.5,7.75,7.67,7.5,10.0,10.0,10.0,0.0,0,0.0,2,4,1
0,7.5,7.58,7.58,7.67,7.58,7.5,10.0,10.0,10.0,0.11,0,3.0,2,5,1
0,7.5,7.67,7.58,7.67,7.58,7.42,10.0,10.0,10.0,0.11,0,2.0,1,3,1
31,7.67,7.58,7.42,7.42,7.83,7.5,10.0,10.0,10.0,0.12,0,0.0,2,6,1
31,7.67,7.67,7.5,7.58,7.42,7.5,10.0,10.0,10.0,0.12,0,5.0,2,8,1
3,7.67,7.67,7.33,7.67,7.5,7.58,10.0,10.0,10.0,0.11,0,0.0,2,4,1
36,7.75,7.67,7.58,7.58,7.42,7.67,9.33,10.0,10.0,0.0,0,0.0,2,0,1
9,7.67,7.75,7.33,7.92,7.42,7.5,10.0,10.0,10.0,0.11,0,0.0,2,3,1
9,7.75,7.67,7.33,7.75,7.5,7.42,10.0,10.0,10.0,0.11,0,0.0,2,2,1
9,7.83,7.67,7.25,7.67,7.75,7.5,10.0,10.0,10.0,0.11,0,0.0,2,2,1
0,7.67,7.67,7.67,7.5,7.42,7.5,10.0,10.0,10.0,0.0,0,0.0,2,0,1
28,7.92,7.92,7.83,7.58,7.33,7.25,10.0,10.0,10.0,0.08,0,0.0,2,0,1
31,7.83,7.58,7.5,7.5,7.58,7.5,10.0,10.0,10.0,0.12,0,0.0,2,0,1
34,7.67,7.5,7.67,7.83,7.75,7.83,10.0,10.0,9.33,0.0,0,0.0,1,0,1
9,7.67,7.67,7.42,7.83,7.5,7.5,10.0,10.0,10.0,0.1,1,0.0,2,0,1
4,7.67,7.58,7.5,7.58,7.5,7.5,10.0,10.0,10.0,0.11,0,0.0,2,3,1
0,7.75,7.58,7.42,7.67,7.42,7.67,10.0,10.0,10.0,0.12,0,0.0,1,4,1
3,7.75,7.42,7.33,7.5,7.58,7.17,10.0,10.0,10.0,0.11,1,0.0,2,1,1
3,7.83,7.5,7.58,7.33,7.5,7.67,10.0,10.0,10.0,0.0,0,0.0,2,0,1
3,7.33,7.67,7.75,7.42,7.75,7.58,10.0,10.0,10.0,0.11,0,0.0,2,1,1
3,7.58,7.75,7.42,7.67,7.58,7.42,10.0,10.0,10.0,0.0,0,0.0,2,2,1
3,7.5,7.5,7.42,7.58,7.75,7.58,10.0,10.0,10.0,0.11,1,0.0,2,2,1
20,7.67,7.58,7.42,7.5,7.67,7.58,10.0,10.0,10.0,0.11,0,0.0,2,20,1
20,7.67,7.83,7.5,7.58,7.58,7.67,9.33,10.0,10.0,0.11,0,0.0,2,7,1
20,7.5,7.67,7.5,7.5,7.58,7.58,10.0,10.0,10.0,0.11,5,0.0,2,8,1
3,7.67,7.58,7.5,7.5,7.75,7.5,10.0,10.0,10.0,0.0,1,0.0,3,4,1
3,7.75,7.58,7.5,7.67,7.83,7.75,9.33,10.0,10.0,0.0,0,0.0,2,4,1
3,7.67,7.58,7.58,7.58,7.67,7.42,10.0,10.0,10.0,0.11,0,0.0,2,0,1
9,7.5,7.67,7.5,7.67,7.5,7.83,10.0,10.0,10.0,0.1,0,0.0,2,2,1
3,7.67,7.67,7.58,7.5,7.67,7.42,10.0,10.0,10.0,0.12,0,0.0,1,0,1
30,7.33,7.67,7.58,7.5,7.75,7.67,10.0,10.0,10.0,0.28,0,0.0,3,0,1
3,7.33,7.67,7.58,7.33,7.58,7.92,10.0,10.0,10.0,0.08,0,0.0,3,1,1
33,7.83,7.83,7.67,7.83,7.92,7.83,9.33,9.33,9.33,0.0,0,0.0,3,0,1
33,7.5,7.58,7.42,7.58,7.58,7.67,10.0,10.0,10.0,0.0,0,0.0,3,1,1
3,7.5,7.58,7.67,7.67,7.58,7.58,10.0,10.0,10.0,0.06,0,0.0,3,2,1
22,7.58,7.83,7.75,7.92,7.92,8.08,9.33,9.33,9.33,0.07,0,0.0,3,0,1
30,7.5,7.25,7.42,7.75,8.17,7.5,10.0,10.0,10.0,0.0,0,0.0,3,0,1
0,7.67,7.58,7.5,7.58,7.58,7.5,10.0,10.0,10.0,0.0,0,0.0,2,0,1
7,7.5,7.5,7.75,7.58,7.92,7.83,10.0,10.0,9.33,0.0,0,0.0,2,1,1
3,7.58,7.67,7.5,7.33,7.67,7.58,10.0,10.0,10.0,0.11,0,0.0,2,1,1
28,7.17,7.83,7.25,7.67,7.67,7.58,10.0,10.0,10.0,0.09,31,0.0,2,0,1
8,7.58,7.58,7.5,7.5,7.58,7.58,10.0,10.0,10.0,0.0,1,0.0,1,20,1
28,7.5,7.58,7.67,7.33,7.5,7.75,10.0,10.0,10.0,0.0,0,0.0,2,9,1
26,7.58,7.58,7.67,7.58,7.5,7.5,10.0,10.0,10.0,0.11,0,0.0,0,1,1
26,8.08,7.5,7.67,7.42,7.33,7.5,10.0,10.0,10.0,0.0,0,0.0,1,0,1
20,7.83,7.67,7.25,7.58,7.5,7.5,10.0,10.0,10.0,0.13,0,0.0,0,3,1
20,7.75,7.67,7.42,7.42,7.75,7.5,10.0,10.0,10.0,0.12,2,0.0,1,8,1
0,7.08,7.5,7.5,7.83,7.75,7.67,10.0,10.0,10.0,0.11,0,0.0,2,16,1
31,8.0,7.5,7.5,7.58,7.33,7.42,10.0,10.0,10.0,0.12,0,0.0,2,0,1
31,7.75,7.58,7.58,7.5,7.5,7.5,10.0,10.0,10.0,0.12,0,0.0,2,4,1
9,7.75,7.5,7.42,7.58,7.67,7.5,10.0,10.0,10.0,0.1,0,0.0,2,1,1
9,7.67,7.83,7.42,7.5,7.33,7.5,10.0,10.0,10.0,0.1,0,0.0,2,2,1
9,7.58,7.58,7.25,7.58,7.58,7.58,10.0,10.0,10.0,0.1,0,0.0,2,4,1
3,7.58,7.5,7.75,7.33,7.58,7.58,10.0,10.0,10.0,0.11,0,0.0,2,2,1
3,7.75,7.5,7.25,7.5,7.75,7.5,10.0,10.0,10.0,0.0,0,0.0,1,0,1
9,7.83,7.75,7.25,7.92,7.5,7.17,10.0,10.0,10.0,0.11,0,0.0,2,2,1
3,7.83,7.67,7.42,7.42,7.5,7.58,10.0,10.0,10.0,0.11,3,0.0,2,5,1
20,7.58,7.58,7.33,7.25,7.58,7.75,10.0,10.0,10.0,0.1,0,0.0,2,4,1
36,7.67,7.33,7.17,7.58,8.08,7.42,10.0,10.0,10.0,0.0,0,0.0,3,17,1
20,8.0,7.92,7.67,7.17,7.67,7.42,9.33,10.0,10.0,0.14,1,0.0,2,4,1
33,7.5,7.5,7.5,7.42,7.67,7.83,10.0,10.0,10.0,0.1,0,0.0,2,0,1
3,7.5,7.75,7.33,7.75,7.08,7.83,10.0,10.0,10.0,0.15,0,0.0,3,0,1
30,7.42,7.58,7.5,7.17,7.5,8.0,10.0,10.0,10.0,0.0,0,0.0,3,0,1
15,7.75,7.58,7.42,7.58,7.5,7.5,10.0,10.0,10.0,0.1,0,0.0,2,3,1
9,7.5,7.58,7.33,7.67,7.58,7.58,10.0,10.0,10.0,0.11,1,1.0,2,2,1
0,7.67,7.58,7.58,7.5,7.5,7.42,10.0,10.0,10.0,0.11,0,2.0,1,2,1
7,7.33,7.67,7.67,7.83,7.33,7.67,10.0,10.0,10.0,0.0,0,0.0,2,4,1
27,7.83,7.92,7.75,7.83,7.75,7.75,9.33,9.33,9.33,0.11,0,0.0,1,0,1
36,7.25,7.58,7.5,7.42,7.75,7.42,10.0,10.0,10.0,0.11,11,0.0,2,0,1
9,7.58,7.58,7.33,7.67,7.67,7.5,10.0,10.0,10.0,0.11,0,0.0,2,2,1
0,7.58,7.83,7.33,7.67,7.42,7.33,10.0,10.0,10.0,0.12,2,0.0,2,6,1
3,7.83,7.67,7.5,7.58,7.5,7.67,10.0,10.0,10.0,0.0,0,0.0,3,1,1
32,7.42,7.58,7.25,7.5,7.75,7.75,10.0,10.0,10.0,0.0,0,0.0,3,9,1
9,7.67,7.67,7.75,7.67,7.42,7.17,10.0,10.0,10.0,0.1,0,0.0,2,4,1
3,7.5,7.42,7.58,7.5,7.58,7.58,10.0,10.0,10.0,0.0,4,0.0,2,4,1
3,7.83,7.5,7.5,7.42,7.5,7.5,10.0,10.0,10.0,0.11,0,0.0,2,3,1
29,7.67,7.5,7.33,7.25,7.58,7.75,10.0,10.0,10.0,0.11,0,0.0,2,5,1
20,7.58,7.67,7.5,7.58,7.5,7.5,10.0,10.0,10.0,0.12,2,0.0,2,10,1
20,7.67,7.58,7.42,7.75,7.42,7.42,10.0,10.0,10.0,0.12,0,0.0,0,7,1
9,7.67,7.67,7.33,7.5,7.33,7.92,10.0,10.0,10.0,0.11,0,0.0,2,10,1
20,7.58,7.58,7.5,7.42,7.67,7.58,10.0,10.0,10.0,0.11,0,0.0,3,2,1
7,7.75,7.58,7.75,7.75,7.25,7.5,10.0,10.0,10.0,0.0,1,0.0,3,3,1
9,7.5,7.58,7.42,7.67,7.58,7.5,10.0,10.0,10.0,0.1,0,1.0,2,3,1
9,7.58,7.67,7.5,7.58,7.5,7.42,10.0,10.0,10.0,0.11,0,0.0,2,8,1
9,7.5,7.67,7.17,7.67,7.67,7.58,10.0,10.0,10.0,0.11,0,0.0,2,4,1
9,7.5,7.5,7.42,7.58,7.67,7.5,10.0,10.0,10.0,0.1,0,0.0,2,1,1
9,7.42,7.58,7.42,7.67,7.5,7.5,10.0,10.0,10.0,0.1,0,0.0,2,1,1
13,7.5,7.58,7.42,7.58,7.58,7.5,10.0,10.0,10.0,0.12,0,0.0,0,15,1
9,7.58,7.58,7.33,7.58,7.33,7.67,10.0,10.0,10.0,0.12,0,0.0,2,0,1
28,7.83,7.67,7.33,7.67,7.58,7.67,9.33,10.0,10.0,0.0,0,0.0,2,0,1
7,7.67,7.67,7.17,7.33,7.58,7.67,10.0,10.0,10.0,0.0,0,0.0,3,4,1
4,7.58,7.5,7.42,7.67,7.42,7.5,10.0,10.0,10.0,0.09,0,0.0,1,1,1
11,7.58,7.5,7.42,7.58,7.5,7.5,10.0,10.0,10.0,0.09,0,1.0,2,6,1
0,7.5,7.5,7.58,7.5,7.58,7.58,10.0,10.0,10.0,0.11,0,2.0,1,1,1
2,7.67,7.5,7.33,7.33,7.67,7.67,10.0,10.0,10.0,0.1,0,0.0,2,0,1
2,7.5,7.67,7.42,7.67,7.5,7.5,10.0,10.0,10.0,0.11,0,0.0,2,2,1
3,7.5,7.58,7.58,7.75,7.33,7.5,10.0,10.0,10.0,0.0,0,0.0,0,2,1
18,7.75,7.58,7.42,7.5,7.33,7.5,10.0,10.0,10.0,0.12,0,0.0,1,0,1
9,7.75,7.42,7.25,7.75,7.5,7.67,10.0,10.0,10.0,0.13,0,0.0,2,2,1
3,7.67,7.42,7.42,7.58,7.33,7.67,10.0,10.0,10.0,0.12,0,0.0,2,0,1
33,7.67,7.58,7.42,7.83,7.33,7.5,10.0,10.0,10.0,0.1,6,0.0,0,0,1
33,7.58,7.83,7.75,7.75,7.42,8.0,9.33,9.33,10.0,0.1,0,0.0,2,0,1
3,7.58,7.33,7.17,7.33,7.25,8.58,10.0,10.0,10.0,0.1,0,0.0,2,2,1
20,7.58,7.58,7.5,7.5,7.5,7.5,10.0,10.0,10.0,0.12,0,0.0,2,6,1
20,7.58,7.58,7.33,7.75,7.25,7.58,10.0,10.0,10.0,0.12,0,0.0,3,0,1
20,8.08,8.17,8.0,8.0,7.83,7.92,6.67,10.0,10.0,0.12,1,0.0,3,4,1
3,7.5,7.58,7.42,7.67,7.5,7.58,10.0,10.0,10.0,0.0,0,0.0,0,0,1
3,7.67,7.58,7.58,7.58,7.5,7.42,10.0,10.0,10.0,0.11,0,0.0,2,3,1
33,7.25,7.75,7.5,7.83,7.67,7.67,9.33,10.0,10.0,0.12,0,0.0,2,0,1
23,7.42,7.42,7.5,7.58,7.5,7.75,10.0,10.0,10.0,0.0,0,0.0,2,4,1
33,7.75,7.67,7.5,7.83,7.17,7.42,10.0,10.0,10.0,0.0,0,0.0,3,2,1
0,7.5,7.58,7.25,7.75,7.58,7.5,10.0,10.0,10.0,0.0,0,0.0,2,4,1
0,7.5,7.58,7.5,7.67,7.5,7.42,10.0,10.0,10.0,0.11,0,2.0,1,3,1
16,7.67,7.67,7.42,7.42,7.42,7.5,10.0,10.0,10.0,0.13,0,0.0,1,0,1
7,7.67,7.67,7.67,7.67,7.5,7.67,10.0,10.0,9.33,0.0,0,0.0,2,7,1
20,7.5,7.67,7.42,7.75,7.42,7.17,10.0,10.0,10.0,0.11,0,2.0,2,3,1
3,7.75,7.5,7.33,7.58,7.33,7.75,10.0,10.0,10.0,0.0,1,0.0,2,9,1
0,7.58,7.5,7.42,7.67,7.5,7.5,10.0,10.0,10.0,0.0,0,0.0,2,0,1
0,7.33,7.5,7.58,7.58,7.67,7.5,10.0,10.0,10.0,0.12,0,0.0,3,9,1
29,7.5,7.5,7.5,7.5,7.5,7.58,10.0,10.0,10.0,0.12,0,0.0,2,0,1
29,7.58,7.5,7.5,7.58,7.33,7.58,10.0,10.0,10.0,0.12,0,0.0,2,4,1
28,8.0,7.83,7.83,7.42,7.25,7.25,10.0,10.0,10.0,0.08,0,0.0,2,0,1
20,7.67,7.58,7.42,7.5,7.42,7.5,10.0,10.0,10.0,0.11,0,0.0,2,0,1
31,7.67,7.5,7.33,7.67,7.5,7.5,10.0,10.0,10.0,0.12,0,0.0,2,0,1
28,7.67,7.5,7.5,7.5,7.5,7.5,10.0,10.0,10.0,0.11,0,0.0,2,0,1
30,7.42,7.5,7.5,7.67,7.58,7.5,10.0,10.0,10.0,0.11,0,0.0,1,0,1
3,7.75,7.58,7.67,7.25,7.58,7.42,10.0,10.0,10.0,0.11,0,0.0,1,3,1
7,7.92,8.0,7.5,6.75,7.92,7.58,10.0,10.0,9.33,0.0,0,0.0,3,17,1
9,7.67,7.67,7.17,7.67,7.5,7.5,10.0,10.0,10.0,0.11,0,0.0,2,0,1
30,7.83,7.33,7.83,7.33,7.58,7.83,10.0,10.0,9.33,0.12,0,0.0,1,0,1
20,7.58,7.58,7.42,7.58,7.42,7.5,10.0,10.0,10.0,0.11,0,0.0,3,2,1
20,7.5,7.58,7.58,7.58,7.42,7.42,10.0,10.0,10.0,0.12,0,0.0,3,0,1
3,7.33,7.58,7.42,7.42,7.67,7.67,10.0,10.0,10.0,0.11,0,0.0,2,0,1
33,7.83,7.67,7.5,7.67,7.5,7.58,10.0,10.0,9.33,0.03,2,0.0,3,0,1
20,7.75,7.58,7.25,7.75,7.67,7.58,10.0,10.0,10.0,0.0,0,0.0,3,1,1
3,8.08,7.67,7.67,7.33,7.33,7.17,10.0,10.0,10.0,0.08,0,0.0,3,3,1
3,7.5,7.42,7.33,7.33,7.67,7.83,10.0,10.0,10.0,0.21,0,0.0,3,2,1
9,7.5,7.42,7.42,7.75,7.5,7.5,10.0,10.0,10.0,0.1,0,1.0,2,2,1
28,7.67,7.42,7.5,7.42,7.58,7.5,10.0,10.0,10.0,0.11,0,5.0,2,0,1
0,7.5,7.58,7.42,7.5,7.75,7.33,10.0,10.0,10.0,0.11,0,0.0,2,7,1
28,7.25,7.25,7.0,7.08,7.0,7.0,10.0,10.0,10.0,0.11,0,0.0,0,0,1
0,7.42,7.42,7.5,7.33,7.25,7.67,10.0,10.0,10.0,0.0,1,9.0,2,2,1
13,7.83,7.58,7.42,7.33,7.42,7.5,10.0,10.0,10.0,0.13,0,0.0,0,6,1
30,7.75,7.33,7.42,7.67,7.42,7.5,10.0,10.0,10.0,0.12,0,0.0,2,0,1
30,7.42,7.58,7.58,7.42,7.58,7.5,10.0,10.0,10.0,0.12,0,0.0,0,1,1
29,7.75,7.42,7.33,7.5,7.58,7.5,10.0,10.0,10.0,0.12,0,0.0,3,1,1
31,7.83,7.5,7.42,7.58,7.42,7.42,10.0,10.0,10.0,0.12,0,0.0,2,0,1
4,7.67,7.42,7.5,7.67,7.0,7.75,10.0,10.0,10.0,0.11,0,0.0,2,3,1
20,7.58,7.58,7.42,7.75,7.67,7.67,9.33,10.0,10.0,0.0,0,0.0,2,11,1
9,7.5,7.58,7.42,7.58,7.42,7.58,10.0,10.0,10.0,0.0,0,0.0,0,4,1
3,7.75,7.25,7.33,7.42,7.5,7.83,10.0,10.0,10.0,0.11,0,0.0,0,3,1
3,7.75,7.5,7.75,7.25,7.33,7.58,10.0,10.0,10.0,0.11,0,0.0,3,3,1
3,7.58,7.5,7.42,7.58,7.67,7.42,10.0,10.0,10.0,0.11,0,0.0,2,0,1
20,7.5,7.58,7.5,7.5,7.42,7.5,10.0,10.0,10.0,0.1,0,0.0,2,6,1
20,7.67,7.58,7.58,7.75,7.67,6.83,10.0,10.0,10.0,0.12,0,0.0,2,0,1
3,7.33,7.42,7.58,7.42,7.67,7.5,10.0,10.0,10.0,0.11,2,0.0,2,2,1
0,7.58,7.5,7.33,7.75,7.5,7.5,10.0,10.0,10.0,0.0,0,0.0,3,4,1
0,7.5,7.5,7.5,7.5,7.58,7.5,10.0,10.0,10.0,0.11,0,0.0,2,4,1
13,7.83,7.75,7.25,7.5,7.42,7.33,10.0,10.0,10.0,0.11,0,0.0,2,5,1
11,7.58,7.58,7.33,7.5,7.5,7.5,10.0,10.0,10.0,0.1,0,0.0,2,4,1
9,7.5,7.5,7.33,7.5,7.67,7.5,10.0,10.0,10.0,0.1,0,2.0,2,2,1
30,7.5,7.83,7.5,7.75,7.33,7.42,9.33,10.0,10.0,0.12,0,0.0,2,0,1
30,7.33,7.5,7.5,7.5,7.67,7.5,10.0,10.0,10.0,0.11,0,0.0,3,0,1
29,7.67,7.42,7.33,7.58,7.5,7.5,10.0,10.0,10.0,0.12,0,0.0,2,1,1
29,7.75,7.0,7.42,7.58,7.58,7.58,10.0,10.0,10.0,0.12,0,0.0,1,3,1
20,7.42,7.58,7.5,7.67,7.25,7.5,10.0,10.0,10.0,0.0,0,0.0,2,1,1
0,7.42,7.5,7.67,7.33,7.42,7.67,10.0,10.0,10.0,0.11,0,0.0,1,0,1
9,7.83,7.42,7.33,7.67,7.42,7.5,10.0,10.0,10.0,0.12,0,0.0,2,4,1
3,7.5,7.5,7.42,7.42,7.58,7.58,10.0,10.0,10.0,0.11,0,0.0,2,1,1
9,7.83,7.67,7.17,7.33,7.5,7.67,10.0,10.0,10.0,0.11,0,0.0,2,0,1
20,7.5,7.58,7.5,7.5,7.42,7.42,10.0,10.0,10.0,0.13,0,0.0,3,10,1
20,7.67,7.5,7.33,7.67,7.5,7.33,10.0,10.0,10.0,0.12,0,0.0,2,5,1
20,7.92,7.5,7.33,7.58,7.25,7.42,10.0,10.0,10.0,0.11,0,0.0,3,2,1
9,7.67,7.33,7.33,7.33,7.5,7.83,10.0,10.0,10.0,0.11,0,0.0,2,5,1
0,7.67,7.42,7.33,7.67,7.5,7.5,10.0,10.0,10.0,0.0,0,0.0,0,4,1
3,7.67,7.5,7.33,7.5,7.25,7.67,10.0,10.0,10.0,0.11,1,0.0,2,3,1
33,7.33,7.42,7.33,7.75,7.42,7.67,10.0,10.0,10.0,0.12,2,0.0,2,3,1
9,7.75,7.58,7.67,7.67,7.58,7.58,9.33,10.0,10.0,0.01,1,0.0,3,14,1
11,7.42,7.67,7.17,7.58,7.58,7.5,10.0,10.0,10.0,0.12,0,1.0,2,6,0
9,7.58,7.5,7.33,7.75,7.33,7.5,10.0,10.0,10.0,0.1,0,1.0,2,2,0
9,7.67,7.58,7.25,7.67,7.42,7.33,10.0,10.0,10.0,0.12,0,0.0,2,0,0
9,7.58,7.5,7.25,7.67,7.5,7.5,10.0,10.0,10.0,0.12,0,0.0,2,0,0
9,7.5,7.42,7.08,7.75,7.67,7.5,10.0,10.0,10.0,0.11,0,2.0,2,3,0
3,5.08,7.75,7.83,7.75,7.83,8.08,10.0,10.0,10.0,0.11,0,0.0,2,1,0
2,7.67,7.42,7.42,7.5,7.42,7.42,10.0,10.0,10.0,0.1,0,0.0,2,0,0
0,7.42,7.5,7.33,7.5,7.25,7.42,10.0,10.0,10.0,0.11,0,1.0,2,0,0
29,7.67,7.25,7.42,7.42,7.67,7.42,10.0,10.0,10.0,0.13,0,0.0,2,7,0
0,7.17,7.83,7.33,7.5,7.75,7.42,10.0,10.0,10.0,0.0,0,0.0,2,0,0
9,7.5,7.5,7.5,7.67,7.42,7.5,10.0,10.0,10.0,0.1,0,0.0,2,0,0
20,7.42,7.5,7.42,7.58,7.42,7.5,10.0,10.0,10.0,0.11,0,0.0,2,0,0
0,7.58,7.67,7.33,7.5,7.5,7.42,10.0,10.0,10.0,0.12,0,0.0,0,1,0
25,7.58,7.58,7.58,7.75,7.5,7.58,9.33,10.0,10.0,0.0,0,0.0,2,3,0
0,7.25,7.33,7.25,7.5,7.42,7.5,10.0,10.0,10.0,0.0,0,0.0,2,0,0
20,7.5,7.58,7.5,7.92,7.42,7.67,9.33,10.0,10.0,0.12,0,0.0,2,0,0
11,7.25,7.67,7.42,7.17,7.75,7.5,10.0,10.0,10.0,0.09,0,0.0,3,2,0
3,7.67,7.42,7.33,7.5,7.58,7.5,10.0,10.0,10.0,0.11,0,0.0,2,9,0
20,7.5,7.42,7.42,7.67,7.42,7.58,10.0,10.0,10.0,0.12,0,0.0,2,5,0
20,7.42,7.58,7.5,7.42,7.58,7.5,10.0,10.0,10.0,0.13,0,0.0,2,2,0
20,7.42,7.58,7.33,7.58,7.5,7.5,10.0,10.0,10.0,0.14,0,0.0,2,9,0
20,7.75,7.33,7.25,7.58,7.58,7.33,10.0,10.0,10.0,0.13,0,0.0,2,1,0
20,7.5,7.58,7.33,7.5,7.5,7.5,10.0,10.0,10.0,0.11,0,0.0,2,0,0
20,7.58,7.58,7.17,7.5,7.5,7.5,10.0,10.0,10.0,0.14,0,0.0,2,6,0
20,7.58,7.33,7.33,7.58,7.5,7.5,10.0,10.0,10.0,0.11,0,0.0,2,0,0
20,7.67,7.58,7.33,7.42,7.58,7.33,10.0,10.0,10.0,0.13,0,0.0,3,4,0
20,7.83,7.5,7.42,7.67,7.17,7.33,10.0,10.0,10.0,0.12,0,0.0,1,0,0
3,7.67,7.33,7.25,7.42,7.5,7.67,10.0,10.0,10.0,0.0,0,0.0,3,2,0
0,7.75,7.5,7.42,7.42,7.5,7.42,10.0,10.0,10.0,0.11,0,0.0,0,2,0
3,7.33,7.58,7.17,7.58,7.42,7.58,10.0,10.0,10.0,0.0,0,0.0,2,2,0
3,7.58,7.25,7.42,7.25,7.58,7.83,10.0,10.0,10.0,0.02,0,0.0,3,1,0
11,7.5,7.58,7.33,7.5,7.42,7.42,10.0,10.0,10.0,0.1,0,1.0,2,8,0
0,7.33,7.5,7.5,7.33,7.5,7.5,10.0,10.0,10.0,0.11,0,3.0,2,11,0
0,7.42,7.42,7.42,7.5,7.5,7.58,10.0,10.0,10.0,0.11,0,4.0,2,14,0
0,7.5,7.5,7.42,7.5,7.42,7.5,10.0,10.0,10.0,0.11,0,2.0,1,3,0
4,7.75,7.5,7.25,7.25,7.42,7.67,10.0,10.0,10.0,0.1,6,1.0,1,3,0
4,7.75,7.33,7.5,7.5,7.33,7.58,10.0,10.0,10.0,0.0,0,2.0,2,0,0
2,7.5,7.58,7.42,7.5,7.42,7.42,10.0,10.0,10.0,0.12,0,6.0,2,2,0
0,8.25,7.83,7.25,8.33,8.17,8.08,10.0,6.67,10.0,0.07,0,0.0,2,0,0
0,7.42,7.5,7.5,7.42,7.5,7.58,10.0,10.0,10.0,0.11,0,0.0,2,10,0
9,7.5,7.42,7.17,7.83,7.5,7.5,10.0,10.0,10.0,0.1,0,0.0,2,6,0
18,7.33,7.58,7.42,7.58,7.33,7.5,10.0,10.0,10.0,0.12,0,0.0,2,0,0
0,7.75,8.08,7.67,8.08,8.08,8.0,10.0,10.0,6.67,0.11,0,0.0,0,0,0
9,7.58,7.67,7.5,7.58,7.75,7.5,9.33,10.0,10.0,0.12,0,0.0,2,3,0
20,7.33,7.58,7.42,7.5,7.5,7.5,10.0,10.0,10.0,0.11,0,0.0,2,0,0
3,7.42,7.33,7.5,7.17,7.08,8.33,10.0,10.0,10.0,0.1,0,0.0,2,2,0
28,7.5,7.5,7.5,7.5,7.5,7.5,10.0,10.0,10.0,0.11,0,0.0,2,0,0
28,7.5,7.5,7.5,7.5,7.5,7.5,10.0,10.0,10.0,0.11,0,0.0,2,0,0
9,7.5,7.42,7.58,7.5,7.5,7.58,10.0,10.0,10.0,0.12,2,0.0,2,1,0
3,7.5,7.42,7.5,7.5,7.5,7.58,10.0,10.0,10.0,0.0,0,0.0,2,1,0
20,7.67,7.5,7.42,7.5,7.42,7.42,10.0,10.0,10.0,0.12,0,0.0,2,3,0
4,7.92,7.58,7.25,7.75,7.92,7.58,9.33,9.33,10.0,0.0,0,0.0,2,14,0
9,7.67,7.5,7.33,7.67,7.5,7.33,10.0,10.0,10.0,0.11,0,0.0,2,3,0
20,7.58,7.67,7.58,7.33,7.0,7.58,10.0,10.0,10.0,0.15,1,0.0,3,8,0
20,7.67,7.58,7.5,7.58,7.5,7.5,10.0,10.0,10.0,0.13,0,0.0,2,9,0
9,7.5,7.67,7.33,7.5,7.33,7.5,10.0,10.0,10.0,0.1,2,0.0,2,5,0
0,7.58,7.5,7.42,7.5,7.5,7.42,10.0,10.0,10.0,0.12,0,0.0,2,2,0
20,8.0,7.75,7.33,7.33,7.08,7.67,9.33,10.0,10.0,0.11,0,0.0,2,0,0
0,7.58,7.58,7.25,7.58,7.42,7.5,10.0,10.0,10.0,0.11,0,0.0,2,2,0
3,7.83,7.58,7.33,7.25,7.58,7.42,10.0,10.0,10.0,0.0,0,0.0,2,0,0
0,7.58,7.5,7.25,7.42,7.67,7.33,10.0,10.0,10.0,0.09,2,6.0,2,10,0
28,7.0,7.08,7.0,7.17,7.0,7.0,10.0,10.0,10.0,0.1,0,0.0,0,0,0
9,7.67,7.5,7.25,7.67,7.42,7.42,10.0,10.0,10.0,0.11,0,2.0,2,2,0
0,7.42,7.67,7.5,7.08,7.5,7.42,10.0,10.0,10.0,0.0,0,0.0,2,9,0
7,7.58,7.67,7.5,7.67,7.83,8.42,9.33,9.33,9.33,0.12,0,0.0,2,0,0
11,7.58,7.5,7.42,7.58,7.42,7.42,10.0,10.0,10.0,0.11,0,0.0,2,2,0
18,7.58,7.42,7.33,7.42,7.58,7.5,10.0,10.0,10.0,0.13,0,0.0,0,0,0
0,7.75,7.58,7.42,7.42,7.33,7.33,10.0,10.0,10.0,0.11,0,0.0,2,0,0
28,7.5,7.5,7.5,7.5,7.5,7.5,10.0,10.0,10.0,0.11,0,0.0,2,0,0
20,7.58,7.58,7.42,7.42,7.42,7.42,10.0,10.0,10.0,0.12,0,0.0,0,4,0
33,7.33,7.42,7.5,7.67,7.5,7.42,10.0,10.0,10.0,0.0,0,0.0,1,1,0
20,7.58,7.58,7.5,7.17,7.42,7.42,10.0,10.0,10.0,0.16,3,0.0,3,8,0
9,7.5,7.5,7.33,7.58,7.67,7.33,10.0,10.0,10.0,0.11,0,0.0,2,2,0
20,7.5,7.58,7.42,7.67,7.33,7.42,10.0,10.0,10.0,0.13,0,0.0,2,3,0
20,7.67,7.58,7.33,7.5,7.42,7.42,10.0,10.0,10.0,0.12,0,0.0,2,13,0
7,7.75,7.33,7.33,7.5,7.5,7.5,10.0,10.0,10.0,0.0,2,0.0,2,5,0
20,7.33,7.58,7.42,7.67,7.33,7.5,10.0,10.0,10.0,0.11,0,0.0,2,0,0
20,7.42,7.5,7.42,7.58,7.42,7.5,10.0,10.0,10.0,0.1,0,0.0,2,3,0
3,7.5,7.42,7.67,7.33,7.58,7.33,10.0,10.0,10.0,0.12,0,0.0,2,1,0
3,7.67,7.33,7.33,7.33,7.5,7.5,10.0,10.0,10.0,0.11,0,0.0,2,0,0
0,7.67,7.58,7.42,7.0,7.5,7.58,10.0,10.0,10.0,0.12,0,0.0,2,1,0
3,7.17,7.25,7.58,7.25,7.58,7.67,10.0,10.0,10.0,0.22,0,0.0,3,2,0
0,7.42,7.42,7.5,7.42,7.42,7.5,10.0,10.0,10.0,0.11,0,1.0,2,5,0
11,7.5,7.5,7.17,7.42,7.5,7.5,10.0,10.0,10.0,0.11,0,1.0,1,2,0
22,7.5,7.5,7.33,7.42,7.5,7.42,10.0,10.0,10.0,0.1,0,0.0,2,1,0
29,7.58,7.42,7.42,7.33,7.5,7.42,10.0,10.0,10.0,0.13,1,0.0,2,6,0
29,7.42,7.42,7.42,7.5,7.5,7.33,10.0,10.0,10.0,0.12,0,0.0,2,1,0
0,6.92,7.58,7.42,7.33,7.83,7.5,10.0,10.0,10.0,0.0,0,0.0,2,1,0
30,7.42,7.42,7.17,7.75,7.25,7.67,10.0,10.0,10.0,0.12,0,0.0,1,0,0
11,7.67,7.5,7.25,7.42,7.58,7.42,10.0,10.0,10.0,0.11,0,0.0,2,2,0
9,7.42,7.42,7.5,7.5,7.42,7.5,10.0,10.0,10.0,0.09,0,0.0,0,4,0
0,7.58,7.5,7.42,7.25,7.5,7.42,10.0,10.0,10.0,0.12,0,0.0,2,1,0
29,7.75,7.42,7.42,7.58,7.33,7.42,10.0,10.0,10.0,0.12,0,0.0,2,1,0
20,7.42,7.33,7.17,7.42,7.33,8.17,10.0,10.0,10.0,0.12,0,0.0,2,0,0
20,7.5,7.5,7.33,7.42,7.5,7.42,10.0,10.0,10.0,0.1,1,0.0,3,1,0
28,7.5,7.5,7.5,7.5,7.5,7.5,10.0,10.0,10.0,0.11,0,0.0,2,0,0
28,7.67,7.5,7.5,7.17,7.17,7.58,10.0,10.0,10.0,0.0,0,0.0,2,0,0
3,7.33,7.25,7.25,7.58,7.75,7.5,10.0,10.0,10.0,0.0,0,0.0,1,1,0
20,7.5,7.67,7.0,7.5,7.33,7.5,10.0,10.0,10.0,0.15,1,0.0,3,9,0
9,7.25,7.75,7.0,7.75,8.17,7.75,10.0,10.0,9.33,0.12,0,0.0,3,2,0
20,7.5,7.58,7.25,7.5,7.5,7.33,10.0,10.0,10.0,0.12,0,0.0,2,4,0
20,7.0,7.67,7.5,7.5,7.42,7.5,10.0,10.0,10.0,0.1,0,0.0,2,1,0
3,7.58,7.67,7.42,7.17,7.17,7.75,10.0,10.0,10.0,0.08,0,0.0,3,0,0
13,7.5,7.5,7.42,7.42,7.5,7.42,10.0,10.0,10.0,0.15,0,0.0,3,3,0
3,7.75,7.58,7.42,7.67,7.83,7.58,9.33,9.33,10.0,0.0,0,7.0,2,6,0
0,7.42,7.58,7.42,7.5,7.42,7.25,10.0,10.0,10.0,0.11,0,1.0,2,3,0
0,7.25,7.25,7.58,7.58,7.25,7.92,10.0,10.0,10.0,0.0,0,0.0,2,1,0
4,7.75,7.42,7.42,7.25,7.17,7.42,10.0,10.0,10.0,0.0,0,0.0,0,0,0
29,7.42,7.33,7.42,7.42,7.5,7.58,10.0,10.0,10.0,0.12,0,0.0,2,5,0
29,7.42,7.5,7.5,7.33,7.33,7.5,10.0,10.0,10.0,0.12,0,0.0,2,3,0
3,7.5,7.42,7.42,7.42,7.67,7.42,10.0,10.0,10.0,0.11,1,0.0,2,0,0
4,7.58,7.33,7.33,7.33,7.5,7.67,10.0,10.0,10.0,0.11,0,0.0,2,2,0
33,7.25,7.58,7.58,7.25,7.5,7.42,10.0,10.0,10.0,0.11,0,0.0,1,0,0
20,7.42,7.58,7.5,7.33,7.42,7.42,10.0,10.0,10.0,0.13,0,0.0,2,7,0
20,7.5,7.42,7.42,7.5,7.25,7.5,10.0,10.0,10.0,0.13,3,0.0,2,13,0
20,7.67,7.5,7.25,7.58,7.42,7.33,10.0,10.0,10.0,0.11,0,0.0,2,11,0
36,7.67,8.0,7.17,7.08,7.67,7.08,10.0,10.0,10.0,0.12,0,0.0,2,2,0
20,7.58,7.42,7.25,7.75,7.33,7.42,10.0,10.0,10.0,0.11,0,0.0,2,1,0
33,7.33,7.5,7.33,7.58,7.08,7.83,10.0,10.0,10.0,0.1,0,0.0,2,2,0
3,7.67,7.42,7.67,7.33,7.25,7.58,10.0,10.0,10.0,0.08,1,0.0,3,5,0
11,7.5,7.5,7.17,7.5,7.5,7.42,10.0,10.0,10.0,0.12,0,0.0,2,1,0
11,7.5,7.5,7.25,7.33,7.42,7.5,10.0,10.0,10.0,0.1,0,1.0,2,7,0
0,7.5,7.33,7.42,7.5,7.33,7.42,10.0,10.0,10.0,0.11,0,2.0,2,3,0
29,7.67,7.33,7.33,7.42,7.42,7.42,10.0,10.0,10.0,0.13,0,0.0,2,20,0
16,7.42,7.5,7.25,7.33,7.5,7.5,10.0,10.0,10.0,0.12,0,0.0,0,0,0
29,7.42,7.42,7.33,7.58,7.33,7.42,10.0,10.0,10.0,0.12,0,0.0,2,3,0
18,7.5,7.42,7.33,7.58,7.33,7.5,10.0,10.0,10.0,0.13,0,0.0,1,1,0
28,7.33,7.5,7.17,7.42,7.5,7.33,10.0,10.0,10.0,0.09,0,0.0,2,0,0
30,7.58,7.5,7.42,7.42,7.33,7.42,10.0,10.0,10.0,0.11,0,0.0,2,0,0
4,7.5,7.25,7.33,7.33,7.75,7.5,10.0,10.0,10.0,0.1,0,0.0,2,4,0
11,7.33,7.33,7.33,7.5,7.5,7.83,10.0,10.0,10.0,0.11,0,0.0,2,5,0
3,7.33,7.33,7.58,7.5,7.5,7.58,10.0,10.0,10.0,0.11,0,0.0,2,1,0
28,7.42,7.58,7.33,7.42,8.0,7.5,9.33,10.0,10.0,0.12,0,0.0,1,0,0
0,7.33,7.67,7.42,7.17,7.33,7.42,10.0,10.0,10.0,0.11,0,0.0,0,0,0
20,7.67,7.33,7.25,7.5,7.42,7.42,10.0,10.0,10.0,0.12,0,0.0,2,1,0
0,7.42,7.5,7.33,7.5,7.33,7.5,10.0,10.0,10.0,0.12,0,0.0,2,1,0
0,7.42,7.5,7.25,7.5,7.5,7.42,10.0,10.0,10.0,0.11,0,0.0,0,1,0
9,7.33,7.33,7.33,7.5,7.67,7.67,10.0,10.0,10.0,0.11,0,0.0,2,3,0
0,7.58,7.5,7.17,7.5,7.5,7.42,10.0,10.0,10.0,0.12,0,0.0,2,2,0
9,7.75,7.33,7.33,7.42,7.75,7.67,10.0,10.0,9.33,0.0,0,0.0,2,10,0
3,7.33,7.0,7.08,7.42,7.5,7.67,10.0,10.0,10.0,0.07,0,0.0,3,2,0
9,7.58,7.5,7.25,7.58,7.58,7.5,9.33,10.0,10.0,0.1,0,0.0,2,1,0
9,7.5,7.5,7.25,7.42,7.42,7.42,10.0,10.0,10.0,0.11,0,2.0,2,0,0
11,7.58,7.5,7.25,7.33,7.42,7.5,10.0,10.0,10.0,0.12,0,0.0,2,1,0
0,7.42,7.33,7.33,7.5,7.5,7.33,10.0,10.0,10.0,0.11,0,0.0,2,4,0
7,7.67,7.58,7.33,7.5,7.5,7.67,10.0,10.0,9.33,0.11,0,0.0,2,2,0
9,7.58,7.58,7.17,7.83,7.17,7.33,10.0,10.0,10.0,0.11,0,0.0,2,7,0
29,7.33,7.33,7.33,7.42,7.5,7.58,10.0,10.0,10.0,0.12,0,0.0,2,4,0
22,7.58,7.42,7.25,7.17,7.5,7.67,10.0,10.0,10.0,0.12,3,0.0,2,4,0
37,7.67,7.08,7.42,7.33,7.75,7.42,10.0,10.0,10.0,0.0,1,0.0,3,3,0
11,7.42,7.33,7.33,7.58,7.33,7.5,10.0,10.0,10.0,0.11,0,0.0,2,0,0
28,7.5,7.5,7.42,7.25,7.5,7.5,10.0,10.0,10.0,0.11,0,0.0,2,0,0
20,7.58,7.5,7.25,7.58,7.5,7.25,10.0,10.0,10.0,0.12,0,0.0,2,6,0
20,7.5,7.5,7.25,7.25,7.5,7.5,10.0,10.0,10.0,0.13,2,0.0,3,7,0
20,7.5,7.42,7.25,7.5,7.33,7.33,10.0,10.0,10.0,0.14,2,0.0,3,8,0
20,7.33,7.58,7.17,7.58,7.42,7.33,10.0,10.0,10.0,0.12,0,0.0,2,4,0
20,7.67,7.42,7.33,7.83,7.5,7.5,9.33,10.0,10.0,0.12,0,0.0,2,0,0
0,7.42,7.58,7.25,7.5,7.33,7.5,10.0,10.0,10.0,0.12,0,0.0,2,3,0
3,7.67,7.33,7.33,7.58,7.33,7.33,10.0,10.0,10.0,0.09,0,0.0,3,1,0
9,7.42,7.5,7.25,7.5,7.33,7.42,10.0,10.0,10.0,0.1,1,0.0,2,1,0
4,7.25,7.33,7.5,7.33,7.67,7.42,10.0,10.0,10.0,0.0,1,0.0,2,4,0
0,7.42,7.5,7.42,7.5,7.42,7.25,10.0,10.0,10.0,0.11,0,1.0,2,3,0
13,7.75,7.83,7.58,7.75,7.92,7.83,10.0,10.0,10.0,0.11,0,1.0,2,0,0
9,7.58,7.5,7.33,7.42,7.58,7.25,10.0,10.0,10.0,0.1,2,0.0,2,6,0
0,7.17,7.58,6.83,7.5,7.75,7.25,10.0,10.0,10.0,0.0,0,0.0,2,1,0
0,7.58,7.0,6.92,6.92,7.67,7.5,10.0,10.0,10.0,0.0,0,0.0,2,0,0
21,7.33,7.58,7.5,7.42,7.33,7.33,10.0,10.0,10.0,0.0,0,0.0,2,2,0
20,7.58,7.5,7.33,7.5,7.17,7.33,10.0,10.0,10.0,0.11,0,0.0,2,7,0
11,7.5,7.5,7.33,7.5,7.42,7.25,10.0,10.0,10.0,0.12,0,0.0,2,1,0
4,7.67,7.5,7.5,7.25,7.08,7.42,10.0,10.0,10.0,0.09,0,0.0,2,0,0
28,7.67,7.33,7.17,7.25,7.75,7.33,10.0,10.0,10.0,0.0,0,0.0,2,0,0
13,7.42,7.42,7.42,7.33,7.42,7.42,10.0,10.0,10.0,0.11,2,0.0,3,6,0
18,7.58,7.42,7.33,7.33,7.33,7.42,10.0,10.0,10.0,0.13,0,0.0,2,0,0
0,7.33,7.58,7.25,7.17,7.83,7.33,10.0,10.0,10.0,0.11,0,0.0,2,0,0
11,7.5,7.5,7.33,7.33,7.33,7.33,10.0,10.0,10.0,0.1,0,0.0,2,4,0
20,7.42,7.42,7.25,7.5,7.33,7.42,10.0,10.0,10.0,0.11,0,0.0,2,0,0
3,7.5,7.5,7.0,7.42,7.5,7.58,10.0,10.0,10.0,0.0,2,0.0,1,0,0
33,7.83,7.83,7.83,8.0,7.83,7.83,10.0,6.67,10.0,0.0,1,0.0,1,1,0
0,7.75,7.75,7.5,7.42,7.83,7.75,9.33,9.33,9.33,0.12,0,0.0,1,0,0
9,7.83,7.67,7.33,7.33,7.67,7.83,9.33,10.0,9.33,0.11,0,0.0,2,1,0
20,7.83,7.33,7.25,7.58,7.25,7.33,10.0,10.0,10.0,0.12,0,0.0,2,2,0
20,7.33,7.33,7.25,7.5,7.5,7.5,10.0,10.0,10.0,0.12,0,0.0,2,10,0
0,7.33,7.67,7.25,7.5,7.5,7.25,10.0,10.0,10.0,0.02,0,0.0,3,2,0
3,7.58,7.5,7.17,7.58,7.33,7.33,10.0,10.0,10.0,0.05,0,0.0,3,0,0
33,7.25,7.58,7.83,7.67,7.75,7.75,9.33,9.33,10.0,0.02,3,0.0,3,12,0
9,7.5,7.5,7.25,7.42,7.42,7.33,10.0,10.0,10.0,0.11,0,1.0,2,1,0
36,7.0,7.08,7.33,7.5,7.5,7.33,10.0,10.0,10.0,0.12,0,0.0,1,0,0
29,7.42,7.42,7.42,7.42,7.33,7.33,10.0,10.0,10.0,0.12,0,0.0,1,4,0
0,7.17,7.25,7.17,7.25,7.42,8.25,10.0,10.0,10.0,0.1,0,0.0,1,1,0
20,7.5,7.5,7.33,7.42,7.25,7.25,10.0,10.0,10.0,0.13,2,0.0,3,9,0
20,7.42,7.5,7.17,7.67,7.33,7.42,10.0,10.0,10.0,0.13,0,0.0,2,23,0
20,7.42,7.5,7.33,7.58,7.33,7.33,10.0,10.0,10.0,0.11,0,0.0,2,1,0
20,7.33,7.42,7.33,7.67,7.42,7.25,10.0,10.0,10.0,0.12,10,0.0,2,14,0
20,7.5,7.42,7.25,7.33,7.67,7.25,10.0,10.0,10.0,0.12,0,0.0,3,1,0
3,7.33,7.42,7.33,7.33,7.5,7.67,10.0,10.0,10.0,0.0,0,0.0,2,1,0
3,7.42,7.58,6.92,7.08,7.25,8.0,10.0,10.0,10.0,0.08,0,0.0,3,0,0
0,7.42,7.5,7.25,7.5,7.5,7.25,10.0,10.0,10.0,0.11,0,0.0,2,5,0
9,7.42,7.42,7.08,7.42,7.33,7.42,10.0,10.0,10.0,0.1,0,0.0,2,1,0
9,7.42,7.33,7.17,7.67,7.33,7.42,10.0,10.0,10.0,0.12,0,1.0,2,3,0
11,7.58,7.5,7.33,7.33,7.42,7.25,10.0,10.0,10.0,0.11,0,0.0,0,2,0
29,7.17,7.33,7.33,7.42,7.5,7.33,10.0,10.0,10.0,0.0,0,0.0,2,1,0
22,7.58,7.5,7.25,7.25,7.5,7.25,10.0,10.0,10.0,0.1,0,0.0,2,1,0
3,7.75,7.75,7.75,7.67,5.25,7.83,10.0,10.0,10.0,0.0,0,1.0,3,1,0
0,7.25,7.75,6.92,7.42,7.5,7.58,10.0,10.0,10.0,0.0,0,0.0,2,0,0
29,7.42,7.33,7.25,7.42,7.5,7.42,10.0,10.0,10.0,0.12,0,0.0,2,0,0
29,7.33,7.33,7.5,7.25,7.42,7.33,10.0,10.0,10.0,0.12,0,0.0,2,7,0
0,7.25,7.42,7.25,7.5,7.5,7.42,10.0,10.0,10.0,0.1,0,0.0,2,2,0
13,7.17,7.42,7.33,7.42,7.33,7.42,10.0,10.0,10.0,0.11,0,0.0,1,0,0
11,7.5,7.33,7.5,7.5,7.17,7.17,10.0,10.0,10.0,0.1,0,0.0,2,5,0
4,7.5,7.17,7.17,7.17,7.5,7.08,10.0,10.0,10.0,0.11,0,0.0,2,3,0
20,7.42,7.42,7.67,8.0,7.58,7.5,9.33,9.33,10.0,0.0,0,0.0,2,4,0
28,7.5,7.5,7.5,7.25,7.42,7.25,10.0,10.0,10.0,0.11,0,0.0,2,0,0
28,7.58,7.42,7.33,7.42,7.33,7.33,10.0,10.0,10.0,0.11,0,0.0,2,0,0
20,7.5,7.42,7.08,7.58,7.33,7.33,10.0,10.0,10.0,0.12,0,0.0,2,6,0
9,7.5,7.67,7.33,7.33,7.33,7.33,10.0,10.0,10.0,0.11,0,0.0,2,4,0
20,7.25,7.67,7.58,7.67,7.67,7.58,8.67,10.0,10.0,0.13,1,0.0,2,13,0
20,7.67,7.25,7.17,7.75,7.5,7.25,10.0,10.0,10.0,0.11,0,0.0,2,4,0
20,7.5,7.42,7.33,7.42,7.42,7.42,10.0,10.0,10.0,0.11,0,0.0,2,2,0
20,7.58,7.42,7.25,7.58,7.25,7.17,10.0,10.0,10.0,0.11,0,0.0,2,2,0
20,7.75,7.58,7.25,7.17,7.58,7.33,9.33,10.0,10.0,0.11,0,0.0,2,4,0
33,7.42,7.33,7.33,7.33,7.17,7.83,10.0,10.0,10.0,0.1,1,0.0,2,1,0
11,7.5,7.42,7.08,7.42,7.5,7.33,10.0,10.0,10.0,0.11,0,1.0,0,3,0
9,7.42,7.42,7.08,7.5,7.42,7.33,10.0,10.0,10.0,0.12,0,0.0,2,0,0
28,7.42,7.42,7.25,7.67,7.33,7.25,10.0,10.0,10.0,0.1,0,0.0,0,0,0
4,7.58,7.42,7.5,7.17,7.08,7.58,10.0,10.0,10.0,0.12,0,0.0,2,1,0
29,7.42,7.42,7.33,7.42,7.42,7.33,10.0,10.0,10.0,0.12,0,0.0,2,5,0
18,7.42,7.42,7.17,7.58,7.33,7.33,10.0,10.0,10.0,0.13,0,0.0,2,0,0
28,7.33,7.17,7.08,7.08,8.33,8.25,10.0,10.0,9.33,0.0,0,0.0,3,0,0
0,7.42,7.42,7.33,7.33,7.5,7.25,10.0,10.0,10.0,0.12,0,0.0,0,3,0
9,7.42,7.33,7.17,7.58,7.42,7.5,10.0,10.0,10.0,0.12,0,0.0,2,1,0
20,7.67,7.5,7.42,7.5,6.75,7.42,10.0,10.0,10.0,0.12,0,0.0,2,9,0
20,7.33,7.5,7.25,7.5,7.5,7.17,10.0,10.0,10.0,0.11,0,0.0,3,0,0
20,7.67,7.58,7.42,7.58,7.58,7.42,10.0,10.0,8.67,0.11,0,0.0,3,2,0
30,7.08,7.33,7.58,7.58,7.17,7.5,10.0,10.0,10.0,0.01,0,0.0,3,0,0
30,7.33,7.33,7.17,7.5,7.58,7.33,10.0,10.0,10.0,0.2,0,0.0,3,0,0
4,7.25,7.17,7.33,7.33,7.5,7.75,10.0,10.0,10.0,0.0,0,0.0,3,1,0
9,7.67,7.58,7.17,7.42,7.33,7.42,9.33,10.0,10.0,0.1,0,0.0,2,0,0
22,7.5,7.42,7.33,7.33,7.25,7.33,10.0,10.0,10.0,0.11,0,0.0,2,3,0
11,7.5,7.5,7.33,7.42,7.17,7.25,10.0,10.0,10.0,0.1,0,0.0,2,5,0
9,7.5,7.42,7.25,7.25,7.5,7.25,10.0,10.0,10.0,0.12,0,0.0,2,0,0
28,7.5,7.42,7.33,7.08,7.58,7.25,10.0,10.0,10.0,0.12,0,0.0,2,2,0
21,7.25,7.42,7.25,7.5,7.33,7.33,10.0,10.0,10.0,0.0,0,0.0,2,4,0
4,7.83,7.33,7.08,7.08,7.33,7.5,10.0,10.0,10.0,0.12,1,0.0,2,2,0
18,7.67,7.42,6.92,7.5,7.5,7.17,10.0,10.0,10.0,0.12,0,0.0,2,0,0
9,7.5,7.42,7.17,7.58,7.25,7.42,10.0,10.0,10.0,0.12,0,0.0,2,0,0
28,7.42,7.33,7.67,7.33,7.42,7.5,10.0,10.0,9.33,0.11,0,0.0,0,0,0
0,7.58,7.5,7.5,7.67,7.67,7.83,9.33,9.33,9.33,0.0,1,0.0,2,1,0
10,7.42,7.33,7.25,7.42,7.42,7.33,10.0,10.0,10.0,0.11,0,0.0,1,0,0
28,7.5,7.42,7.25,7.25,7.33,7.33,10.0,10.0,10.0,0.11,0,0.0,2,0,0
20,7.33,7.33,7.17,7.42,7.5,7.5,10.0,10.0,10.0,0.13,0,0.0,2,2,0
20,7.58,7.42,7.25,7.42,7.33,7.33,10.0,10.0,10.0,0.12,0,0.0,2,5,0
20,7.42,7.25,7.17,7.42,7.17,8.0,10.0,10.0,10.0,0.12,0,0.0,2,10,0
20,7.33,7.5,7.33,7.33,7.33,7.42,10.0,10.0,10.0,0.11,0,0.0,2,6,0
20,7.42,7.42,7.33,7.17,7.25,7.42,10.0,10.0,10.0,0.13,0,0.0,2,5,0
20,7.5,7.5,7.25,7.5,7.42,7.58,9.33,10.0,10.0,0.11,0,0.0,2,3,0
13,7.75,7.17,7.17,7.33,7.58,7.33,10.0,10.0,10.0,0.12,0,0.0,2,0,0
0,7.5,7.42,7.17,7.42,7.5,7.33,10.0,10.0,10.0,0.12,0,0.0,0,2,0
9,7.33,7.5,7.33,7.42,7.17,7.33,10.0,10.0,10.0,0.11,0,0.0,2,1,0
3,7.42,7.42,7.17,7.42,7.42,7.33,10.0,10.0,10.0,0.06,1,0.0,3,0,0
33,7.33,7.33,7.33,7.5,7.5,7.83,9.33,10.0,10.0,0.0,0,0.0,3,17,0
20,7.58,7.33,7.08,7.33,7.5,7.33,10.0,10.0,10.0,0.12,1,5.0,2,17,0
9,7.42,7.33,7.08,7.58,7.33,7.25,10.0,10.0,10.0,0.1,0,0.0,2,0,0
0,7.33,7.5,7.5,7.33,6.83,7.42,10.0,10.0,10.0,0.11,0,0.0,2,2,0
11,7.5,7.33,7.17,7.25,7.5,7.42,10.0,10.0,10.0,0.12,0,0.0,2,1,0
28,7.83,7.75,7.42,7.17,7.08,7.08,10.0,10.0,10.0,0.12,0,0.0,2,0,0
18,7.58,7.17,7.33,7.42,7.08,7.42,10.0,10.0,10.0,0.12,0,0.0,1,0,0
0,7.25,7.5,7.42,7.17,7.33,7.33,10.0,10.0,10.0,0.0,0,0.0,2,0,0
9,7.42,7.5,7.17,7.42,7.42,7.42,10.0,10.0,10.0,0.1,0,0.0,2,6,0
20,7.67,7.33,7.25,7.17,7.25,7.42,10.0,10.0,10.0,0.0,1,0.0,2,1,0
25,7.42,7.42,7.17,7.33,7.42,7.42,10.0,10.0,10.0,0.1,1,0.0,1,5,0
9,7.42,7.33,7.25,7.42,7.42,7.5,10.0,10.0,10.0,0.12,0,0.0,2,4,0
20,7.42,7.33,7.25,7.17,7.25,7.42,10.0,10.0,10.0,0.13,1,0.0,3,8,0
20,7.42,7.42,7.25,7.25,7.5,7.33,10.0,10.0,10.0,0.13,0,0.0,3,1,0
3,7.5,7.42,7.25,7.17,7.17,7.75,10.0,10.0,10.0,0.11,0,0.0,2,0,0
3,7.75,7.33,7.42,7.0,7.33,7.25,10.0,10.0,10.0,0.16,0,0.0,3,2,0
33,7.83,7.0,7.0,7.58,7.58,7.5,10.0,10.0,10.0,0.01,0,0.0,3,10,0
3,7.5,7.33,7.33,7.17,7.33,7.42,10.0,10.0,10.0,0.0,0,0.0,3,0,0
11,7.5,7.5,7.0,7.17,7.5,7.33,10.0,10.0,10.0,0.11,0,2.0,1,3,0
20,7.67,7.42,7.0,7.42,7.58,7.08,10.0,10.0,10.0,0.12,0,2.0,2,0,0
0,7.25,7.33,7.33,7.33,7.33,7.42,10.0,10.0,10.0,0.11,0,0.0,2,14,0
11,7.58,7.42,7.17,7.42,7.17,7.17,10.0,10.0,10.0,0.09,0,0.0,2,4,0
0,7.17,7.33,7.42,7.25,7.42,7.33,10.0,10.0,10.0,0.12,0,0.0,2,6,0
26,7.08,7.33,7.42,7.33,7.33,7.5,10.0,10.0,10.0,0.14,0,0.0,2,3,0
18,7.75,7.33,7.08,7.33,7.33,7.25,10.0,10.0,10.0,0.13,0,0.0,2,1,0
11,7.33,7.33,7.17,7.33,7.5,7.33,10.0,10.0,10.0,0.12,0,0.0,2,3,0
20,7.58,7.42,7.25,7.33,7.25,7.25,10.0,10.0,10.0,0.13,4,0.0,2,13,0
20,7.33,7.25,7.17,7.42,7.58,7.33,10.0,10.0,10.0,0.12,0,0.0,3,4,0
0,7.5,7.58,7.5,7.5,7.75,7.83,9.33,9.33,9.33,0.11,0,0.0,2,0,0
28,7.83,7.75,7.67,7.83,7.83,7.75,9.33,10.0,10.0,0.12,0,0.0,2,0,0
0,7.17,7.42,7.17,7.08,6.92,8.17,10.0,10.0,10.0,0.0,0,0.0,2,1,0
22,7.08,7.5,7.33,7.17,7.42,7.25,10.0,10.0,10.0,0.1,0,0.0,2,4,0
11,7.42,7.17,7.17,7.5,7.33,7.25,10.0,10.0,10.0,0.12,0,0.0,2,1,0
9,7.33,7.42,7.17,7.25,7.42,7.33,10.0,10.0,10.0,0.09,0,0.0,1,2,0
29,7.33,7.17,7.17,7.5,7.25,7.42,10.0,10.0,10.0,0.13,0,0.0,2,5,0
28,7.5,7.5,7.25,7.25,7.25,7.25,10.0,10.0,10.0,0.11,0,0.0,2,0,0
9,7.5,7.33,7.5,7.58,7.0,7.25,10.0,10.0,10.0,0.11,0,0.0,2,4,0
20,7.42,7.42,7.33,7.33,7.5,7.42,9.33,10.0,10.0,0.12,0,0.0,2,1,0
22,7.33,7.5,7.17,7.17,7.58,7.17,10.0,10.0,10.0,0.09,0,0.0,2,7,0
29,7.67,7.17,7.17,7.33,7.5,7.17,10.0,10.0,10.0,0.12,0,0.0,2,2,0
20,7.75,7.58,7.08,7.25,7.08,7.25,10.0,10.0,10.0,0.12,0,0.0,2,10,0
4,7.5,7.5,7.33,7.17,7.08,7.17,10.0,10.0,10.0,0.11,0,0.0,1,0,0
11,7.42,7.33,7.0,7.42,7.33,7.33,10.0,10.0,10.0,0.13,0,0.0,2,1,0
30,6.83,7.42,7.42,7.17,7.5,7.42,10.0,10.0,10.0,0.12,0,0.0,0,0,0
26,7.25,7.25,7.25,7.08,7.58,7.5,10.0,10.0,10.0,0.0,0,0.0,3,4,0
29,7.58,7.17,7.17,7.33,7.33,7.25,10.0,10.0,10.0,0.12,0,0.0,1,2,0
18,7.58,7.25,7.33,7.08,7.33,7.33,10.0,10.0,10.0,0.12,0,0.0,2,12,0
4,7.33,7.08,7.33,7.25,7.33,7.58,10.0,10.0,10.0,0.11,0,0.0,2,3,0
0,7.42,7.42,7.17,7.42,7.33,7.25,10.0,10.0,10.0,0.11,0,0.0,2,3,0
20,7.42,7.25,7.08,7.75,7.42,7.17,10.0,10.0,10.0,0.13,3,0.0,2,7,0
9,7.42,7.25,7.33,7.25,7.25,7.42,10.0,10.0,10.0,0.12,0,0.0,2,4,0
0,7.42,7.33,7.25,7.42,7.5,7.17,10.0,10.0,10.0,0.12,0,0.0,2,1,0
33,7.25,7.75,7.67,7.67,7.42,7.67,8.67,9.33,10.0,0.04,3,0.0,3,0,0
8,7.42,7.33,7.17,7.33,7.42,7.17,10.0,10.0,10.0,0.11,0,0.0,3,1,0
0,7.58,7.42,7.5,7.25,7.75,7.58,9.33,10.0,9.33,0.11,5,0.0,2,8,0
22,7.33,7.33,7.33,7.42,7.33,7.33,10.0,10.0,10.0,0.11,0,0.0,3,1,0
32,7.42,7.17,7.33,7.42,7.25,7.33,10.0,10.0,10.0,0.0,0,0.0,3,0,0
29,7.42,7.33,7.33,7.25,7.25,7.33,10.0,10.0,10.0,0.13,0,0.0,2,2,0
4,7.42,7.25,7.17,7.25,7.25,7.58,10.0,10.0,10.0,0.13,0,0.0,2,0,0
34,7.67,7.75,7.67,7.58,7.58,7.67,6.67,10.0,10.0,0.0,0,0.0,2,0,0
20,7.25,7.42,7.33,7.33,7.17,7.33,10.0,10.0,10.0,0.13,5,0.0,3,16,0
20,7.33,7.25,7.33,7.42,7.25,7.42,10.0,10.0,10.0,0.12,0,0.0,2,2,0
20,7.33,7.33,7.25,7.42,7.25,7.25,10.0,10.0,10.0,0.11,0,0.0,2,5,0
20,7.42,7.33,7.25,7.42,7.17,7.25,10.0,10.0,10.0,0.1,0,0.0,2,1,0
33,7.42,7.42,7.25,7.58,6.92,7.17,10.0,10.0,10.0,0.06,0,0.0,0,0,0
0,7.25,7.25,7.17,7.5,7.33,7.17,10.0,10.0,10.0,0.11,0,6.0,2,9,0
7,7.42,7.08,7.08,7.33,7.25,7.58,10.0,10.0,10.0,0.0,0,2.0,2,6,0
0,7.33,7.17,7.17,7.67,7.33,7.17,10.0,10.0,10.0,0.11,0,2.0,1,3,0
9,7.42,7.25,7.17,7.5,7.25,7.17,10.0,10.0,10.0,0.09,0,0.0,2,8,0
3,7.67,7.5,7.42,5.25,7.67,7.75,10.0,10.0,10.0,0.0,0,4.0,2,4,0
9,7.5,7.25,7.0,7.25,7.5,7.25,10.0,10.0,10.0,0.11,0,0.0,2,1,0
28,7.25,7.17,7.17,7.25,7.5,7.33,10.0,10.0,10.0,0.12,0,0.0,1,0,0
11,7.42,7.25,7.25,7.33,7.25,7.17,10.0,10.0,10.0,0.12,0,0.0,2,1,0
0,7.67,7.75,7.83,7.75,7.83,7.75,10.0,6.67,10.0,0.12,0,0.0,2,0,0
29,7.33,7.33,7.08,7.42,7.17,7.33,10.0,10.0,10.0,0.12,0,0.0,2,5,0
31,7.33,6.92,7.17,7.33,7.42,7.42,10.0,10.0,10.0,0.12,0,0.0,2,3,0
28,7.5,6.92,7.33,7.33,7.33,7.33,10.0,10.0,10.0,0.11,0,0.0,2,0,0
30,7.33,7.42,7.25,7.42,7.25,7.17,10.0,10.0,10.0,0.0,0,0.0,2,3,0
20,7.08,7.33,7.33,7.33,7.42,7.25,10.0,10.0,10.0,0.12,0,0.0,2,12,0
20,7.58,7.67,7.5,7.67,7.58,7.5,8.0,10.0,10.0,0.0,0,0.0,2,8,0
28,7.33,7.17,7.25,7.33,7.33,7.25,10.0,10.0,10.0,0.0,0,0.0,0,0,0
9,7.67,7.67,7.33,7.58,7.67,7.5,9.33,9.33,9.33,0.1,0,0.0,2,2,0
15,7.17,7.58,7.5,7.5,8.0,7.75,10.0,10.0,10.0,0.11,0,0.0,2,3,0
20,7.5,7.33,7.17,7.42,7.5,7.33,9.33,10.0,10.0,0.11,0,0.0,2,11,0
21,7.17,7.42,7.0,7.58,7.33,7.0,10.0,10.0,10.0,0.0,0,0.0,3,5,0
33,7.42,7.08,7.17,7.17,7.58,7.25,10.0,10.0,10.0,0.1,2,0.0,1,5,0
29,7.33,7.17,7.17,7.25,7.42,7.33,10.0,10.0,10.0,0.12,0,0.0,2,0,0
0,7.25,7.33,7.25,7.25,7.25,7.33,10.0,10.0,10.0,0.12,0,0.0,2,8,0
28,7.92,7.67,7.33,7.08,7.08,7.08,10.0,10.0,10.0,0.09,0,0.0,2,0,0
0,7.17,7.42,7.17,7.25,7.25,7.33,10.0,10.0,10.0,0.1,0,0.0,3,0,0
22,7.33,7.08,7.25,7.0,7.5,7.42,10.0,10.0,10.0,0.1,1,0.0,2,3,0
9,7.58,7.42,6.92,7.5,7.25,7.17,10.0,10.0,10.0,0.12,2,0.0,2,5,0
28,7.42,7.25,7.25,7.25,7.25,7.25,10.0,10.0,10.0,0.11,0,0.0,3,0,0
28,7.25,7.17,7.08,7.08,7.08,8.08,10.0,10.0,10.0,0.11,0,0.0,2,0,0
28,7.42,7.25,7.25,7.25,7.25,7.25,10.0,10.0,10.0,0.11,0,0.0,2,0,0
20,7.58,7.33,7.08,7.5,7.17,7.25,10.0,10.0,10.0,0.13,0,0.0,2,12,0
30,7.67,7.58,7.33,7.33,7.17,7.0,10.0,10.0,10.0,0.0,0,0.0,3,0,0
16,7.42,7.33,7.17,7.17,7.17,7.25,10.0,10.0,10.0,0.0,0,0.0,2,0,0
9,7.67,7.25,7.08,7.33,7.17,7.25,10.0,10.0,10.0,0.11,0,0.0,2,1,0
20,7.17,7.08,7.25,7.42,7.25,7.33,10.0,10.0,10.0,0.13,0,0.0,2,7,0
20,7.33,7.25,7.33,7.33,7.25,7.17,10.0,10.0,10.0,0.11,0,0.0,2,3,0
20,7.5,7.17,7.33,7.25,7.17,7.17,10.0,10.0,10.0,0.13,0,0.0,2,1,0
33,7.42,7.33,7.0,7.25,7.33,7.5,10.0,10.0,10.0,0.1,2,0.0,0,0,0
3,7.33,7.33,7.0,6.83,7.33,7.67,10.0,10.0,10.0,0.01,0,0.0,3,1,0
0,7.17,7.25,7.08,7.17,7.25,7.58,10.0,10.0,10.0,0.0,0,0.0,2,1,0
21,6.92,7.5,7.0,7.58,7.5,7.08,10.0,10.0,10.0,0.0,0,0.0,2,2,0
9,7.5,7.33,7.0,7.42,7.17,7.17,10.0,10.0,10.0,0.12,0,0.0,2,1,0
22,7.25,7.25,7.17,7.25,7.33,7.25,10.0,10.0,10.0,0.12,0,0.0,2,5,0
11,7.5,7.33,7.0,7.42,7.25,7.17,10.0,10.0,10.0,0.11,0,0.0,2,2,0
23,7.25,7.33,7.17,7.33,7.33,7.17,10.0,10.0,10.0,0.11,1,0.0,2,4,0
11,7.42,7.17,7.08,7.42,7.25,7.25,10.0,10.0,10.0,0.09,0,0.0,2,2,0
11,7.25,7.33,7.08,7.5,7.25,7.33,10.0,10.0,10.0,0.13,0,0.0,2,1,0
4,7.33,7.33,7.25,7.25,7.17,7.17,10.0,10.0,10.0,0.11,0,0.0,2,0,0
20,7.58,7.33,7.42,7.25,7.5,7.5,9.33,9.33,10.0,0.11,0,0.0,2,2,0
10,7.42,7.0,7.42,7.25,7.08,7.33,10.0,10.0,10.0,0.12,0,0.0,2,0,0
33,7.08,7.33,7.17,7.25,7.33,7.67,10.0,10.0,10.0,0.13,0,0.0,1,6,0
28,7.33,7.08,7.08,7.08,7.42,7.33,10.0,10.0,10.0,0.0,0,0.0,2,1,0
13,7.58,7.42,7.0,7.67,7.5,7.5,9.33,9.33,10.0,0.13,0,0.0,0,1,0
9,7.67,7.42,6.83,7.17,7.42,7.17,10.0,10.0,10.0,0.11,0,0.0,2,0,0
4,7.83,7.5,7.67,7.67,7.83,7.5,6.67,10.0,10.0,0.11,0,0.0,0,4,0
18,7.5,7.25,7.17,7.17,7.25,7.17,10.0,10.0,10.0,0.12,0,0.0,1,1,0
20,7.25,7.17,7.17,7.25,7.17,7.42,10.0,10.0,10.0,0.12,0,0.0,2,4,0
3,7.67,7.5,7.42,7.67,7.5,7.75,10.0,10.0,6.67,0.0,0,0.0,3,1,0
9,7.67,7.17,7.0,7.5,7.0,7.0,10.0,10.0,10.0,0.12,0,0.0,2,5,0
9,7.0,7.33,7.5,7.33,7.0,7.33,10.0,10.0,10.0,0.11,0,0.0,2,2,0
9,7.0,7.5,7.33,7.17,7.17,7.17,10.0,10.0,10.0,0.11,0,0.0,2,3,0
3,7.17,7.25,7.08,7.42,7.08,7.42,10.0,10.0,10.0,0.18,0,0.0,3,2,0
0,7.33,7.25,7.33,7.08,7.58,7.25,9.33,10.0,10.0,0.11,0,0.0,2,7,0
22,7.08,7.5,7.0,7.25,7.42,7.0,10.0,10.0,10.0,0.11,0,1.0,2,0,0
29,7.25,7.08,7.08,7.33,7.33,7.25,10.0,10.0,10.0,0.12,0,0.0,1,1,0
0,7.42,7.25,7.33,7.0,7.08,7.25,10.0,10.0,10.0,0.0,0,0.0,2,3,0
11,7.5,7.17,7.0,7.42,7.33,7.0,10.0,10.0,10.0,0.11,0,0.0,2,5,0
9,7.17,7.42,6.83,7.5,7.17,7.25,10.0,10.0,10.0,0.11,0,0.0,2,5,0
33,7.42,7.58,7.5,7.92,7.83,7.83,8.67,8.67,9.33,0.0,0,0.0,3,0,0
3,7.08,7.25,7.0,7.5,7.08,7.33,10.0,10.0,10.0,0.0,0,0.0,3,2,0
28,7.17,7.17,7.17,7.42,7.17,7.25,10.0,10.0,10.0,0.0,0,0.0,0,0,0
9,7.33,7.25,7.08,7.17,7.25,7.17,10.0,10.0,10.0,0.1,0,0.0,2,4,0
11,7.58,7.33,7.0,7.17,7.33,7.08,10.0,10.0,10.0,0.11,0,0.0,2,5,0
19,7.25,7.25,7.17,7.17,7.25,7.17,10.0,10.0,10.0,0.12,0,0.0,2,0,0
0,7.25,7.33,7.17,7.5,7.33,7.25,9.33,10.0,10.0,0.11,0,0.0,2,3,0
21,7.17,7.33,7.17,7.42,7.25,7.08,10.0,10.0,10.0,0.0,0,0.0,2,2,0
9,7.5,7.17,6.83,7.5,7.17,7.17,10.0,10.0,10.0,0.11,0,0.0,2,3,0
0,7.42,7.42,7.08,7.33,7.67,7.5,9.33,9.33,10.0,0.1,0,0.0,3,10,0
33,7.42,7.33,7.33,7.58,7.58,7.42,8.67,10.0,10.0,0.11,1,0.0,2,0,0
9,7.5,7.5,7.0,7.67,7.17,7.0,10.0,10.0,10.0,0.12,1,0.0,2,1,0
20,7.25,7.25,7.08,7.33,7.25,7.17,10.0,10.0,10.0,0.15,0,0.0,3,1,0
11,7.25,7.42,7.0,7.42,7.33,7.0,10.0,10.0,10.0,0.1,0,0.0,2,0,0
28,7.58,7.17,7.17,7.17,7.17,7.17,10.0,10.0,10.0,0.14,0,0.0,2,0,0
7,7.33,7.17,7.08,7.08,7.33,7.17,10.0,10.0,10.0,0.0,0,0.0,2,1,0
2,7.25,7.08,7.25,7.17,7.33,7.17,10.0,10.0,10.0,0.17,0,0.0,2,14,0
28,7.25,7.25,7.17,7.25,7.25,7.25,10.0,10.0,10.0,0.11,0,0.0,2,0,0
20,6.92,7.17,7.08,7.5,7.33,7.17,10.0,10.0,10.0,0.1,2,0.0,2,4,0
20,7.42,7.08,7.08,7.33,7.25,7.17,10.0,10.0,10.0,0.12,4,0.0,2,16,0
1,7.08,7.25,7.17,7.33,7.08,7.08,10.0,10.0,10.0,0.12,0,0.0,2,0,0
29,7.25,7.17,7.0,7.25,7.42,7.08,10.0,10.0,10.0,0.13,0,0.0,2,5,0
29,7.25,7.17,7.25,7.25,7.25,7.08,10.0,10.0,10.0,0.12,0,0.0,1,5,0
28,7.25,7.25,7.08,7.25,7.25,7.25,10.0,10.0,10.0,0.11,0,0.0,2,0,0
9,7.33,7.33,6.83,7.5,7.0,7.17,10.0,10.0,10.0,0.11,1,0.0,2,4,0
20,7.25,7.08,7.08,7.33,7.33,7.17,10.0,10.0,10.0,0.11,0,0.0,2,21,0
33,7.17,7.5,6.92,7.33,7.67,7.33,9.33,10.0,10.0,0.12,5,0.0,2,7,0
8,7.25,7.25,7.25,7.33,7.5,8.0,9.33,9.33,10.0,0.1,0,0.0,3,1,0
0,7.17,7.33,7.42,7.08,7.0,7.0,10.0,10.0,10.0,0.11,0,1.0,2,1,0
11,7.25,7.25,7.0,7.0,7.42,7.0,10.0,10.0,10.0,0.1,0,0.0,2,4,0
20,7.25,7.17,7.0,7.33,7.33,7.0,10.0,10.0,10.0,0.1,0,0.0,2,2,0
21,8.0,7.08,7.0,7.33,7.08,6.92,10.0,10.0,10.0,0.11,1,0.0,2,26,0
21,7.42,7.0,7.08,7.0,7.17,7.33,10.0,10.0,10.0,0.0,0,0.0,2,1,0
22,7.08,6.92,7.0,7.25,7.5,7.25,10.0,10.0,10.0,0.11,0,0.0,2,2,0
33,7.5,7.08,7.67,7.67,7.42,7.58,9.33,9.33,9.33,0.12,4,0.0,2,13,0
3,7.42,8.0,7.83,7.75,8.08,7.58,8.67,8.67,8.67,0.1,0,0.0,2,0,0
28,7.25,7.08,7.25,7.25,7.17,7.25,10.0,10.0,10.0,0.11,0,0.0,2,0,0
9,7.0,7.17,7.33,7.33,7.0,7.17,10.0,10.0,10.0,0.11,1,0.0,2,12,0
20,7.58,7.33,7.17,7.25,6.75,7.0,10.0,10.0,10.0,0.11,2,0.0,3,8,0
36,7.42,7.25,7.25,7.58,7.42,7.33,8.67,10.0,10.0,0.0,0,0.0,3,2,0
22,7.17,7.08,7.08,7.33,7.25,7.08,10.0,10.0,10.0,0.11,0,0.0,3,2,0
11,7.25,7.25,7.0,7.17,7.08,7.08,10.0,10.0,10.0,0.11,0,0.0,2,0,0
9,7.33,7.33,7.0,7.17,7.17,7.17,10.0,10.0,10.0,0.11,0,0.0,2,2,0
20,7.33,7.08,6.92,7.42,7.25,7.08,10.0,10.0,10.0,0.11,0,0.0,2,2,0
20,7.58,7.42,7.33,7.5,7.08,7.17,8.67,10.0,10.0,0.14,1,0.0,2,2,0
20,7.33,7.33,7.17,7.08,7.25,7.0,10.0,10.0,10.0,0.12,0,0.0,2,12,0
9,7.33,7.33,7.0,7.33,7.0,7.0,10.0,10.0,10.0,0.11,0,0.0,2,5,0
33,7.58,7.5,7.33,7.33,7.67,7.33,9.33,9.33,9.33,0.05,12,0.0,3,1,0
0,7.17,7.17,7.0,7.17,7.25,7.25,10.0,10.0,10.0,0.11,0,0.0,2,5,0
28,7.42,7.25,7.25,7.17,7.0,7.0,10.0,10.0,10.0,0.07,0,0.0,2,0,0
22,7.25,7.17,6.92,7.25,7.17,7.25,10.0,10.0,10.0,0.1,0,0.0,2,4,0
28,7.25,7.25,7.25,7.25,7.08,7.0,10.0,10.0,10.0,0.11,0,0.0,2,0,0
28,7.25,7.25,7.25,7.0,7.25,7.08,10.0,10.0,10.0,0.11,0,0.0,2,0,0
28,7.25,7.25,7.25,7.08,7.17,7.08,10.0,10.0,10.0,0.11,0,0.0,2,0,0
20,7.33,7.17,7.25,7.08,7.08,7.08,10.0,10.0,10.0,0.15,0,0.0,3,0,0
20,7.25,7.08,7.0,7.17,7.33,7.17,10.0,10.0,10.0,0.14,1,0.0,2,17,0
22,7.33,7.08,6.92,7.08,7.42,7.17,10.0,10.0,10.0,0.1,0,0.0,2,5,0
21,7.17,7.33,7.0,7.42,7.17,7.0,10.0,10.0,10.0,0.0,0,0.0,2,4,0
20,7.58,7.75,7.42,7.5,7.5,7.5,8.67,8.67,10.0,0.0,0,0.0,2,2,0
28,7.25,7.25,7.25,7.0,7.25,7.0,10.0,10.0,10.0,0.11,0,0.0,2,0,0
30,7.33,6.67,7.08,7.42,7.42,7.08,10.0,10.0,10.0,0.0,0,0.0,2,0,0
20,7.25,7.25,7.08,7.17,7.33,7.33,9.33,10.0,10.0,0.12,0,0.0,2,9,0
20,7.08,7.33,7.0,7.33,7.08,7.0,10.0,10.0,10.0,0.11,0,0.0,2,12,0
8,7.42,7.42,7.5,7.92,7.75,7.58,8.67,9.33,8.67,0.05,0,0.0,3,2,0
3,7.83,7.67,7.58,7.75,7.83,7.17,6.67,10.0,10.0,0.0,0,0.0,2,1,0
33,7.5,7.0,7.0,6.92,7.33,7.17,10.0,10.0,10.0,0.11,1,0.0,2,3,0
20,7.33,7.08,7.08,7.33,7.42,7.17,9.33,10.0,10.0,0.12,0,0.0,2,4,0
20,7.17,7.17,6.92,7.25,7.33,7.08,10.0,10.0,10.0,0.12,1,0.0,2,7,0
20,7.5,7.17,7.0,7.17,7.25,7.08,10.0,10.0,10.0,0.0,0,0.0,3,0,0
20,7.17,7.08,7.08,7.08,7.5,7.33,9.33,10.0,10.0,0.11,0,0.0,2,3,0
20,7.33,7.25,7.0,7.42,7.17,7.17,9.33,10.0,10.0,0.12,0,0.0,2,6,0
20,7.17,7.33,7.08,7.58,7.33,7.08,10.0,9.33,10.0,0.11,0,0.0,2,0,0
33,7.5,7.42,7.58,7.42,7.5,7.58,8.67,8.67,10.0,0.05,3,0.0,3,0,0
15,7.0,7.08,7.0,7.17,7.25,7.25,10.0,10.0,10.0,0.11,0,1.0,3,5,0
9,7.33,7.25,6.92,7.33,7.25,7.33,9.33,10.0,10.0,0.1,0,0.0,2,2,0
22,6.83,7.17,7.17,6.92,7.5,7.08,10.0,10.0,10.0,0.11,0,0.0,2,0,0
20,7.17,7.08,7.0,7.25,7.5,7.0,10.0,10.0,10.0,0.12,0,0.0,2,3,0
33,7.58,7.08,6.83,7.17,7.5,7.17,9.33,10.0,10.0,0.12,7,0.0,0,10,0
9,7.5,7.42,7.25,7.58,7.33,7.42,9.33,9.33,9.33,0.1,0,4.0,2,1,0
28,7.75,7.33,7.17,7.33,7.67,7.83,9.33,9.33,8.67,0.0,0,0.0,3,0,0
28,7.08,7.08,7.25,7.0,7.17,7.17,10.0,10.0,10.0,0.1,0,0.0,0,0,0
30,7.25,7.08,6.92,7.5,7.08,6.92,10.0,10.0,10.0,0.12,0,0.0,2,0,0
25,7.0,7.08,7.0,7.25,7.5,7.42,9.33,10.0,10.0,0.12,1,0.0,2,2,0
4,7.58,7.5,7.67,7.75,7.67,7.58,8.0,8.0,10.0,0.1,0,0.0,1,4,0
20,7.58,7.08,7.0,7.0,7.5,6.92,10.0,10.0,10.0,0.12,0,0.0,2,4,0
20,7.58,7.08,6.92,7.58,7.5,6.92,10.0,9.33,10.0,0.13,0,0.0,2,4,0
20,7.25,7.08,7.0,7.17,7.17,7.08,10.0,10.0,10.0,0.12,0,0.0,2,5,0
20,7.25,7.17,7.17,7.08,7.17,7.0,10.0,10.0,10.0,0.14,0,0.0,3,0,0
20,7.33,7.25,7.0,7.08,7.08,7.0,10.0,10.0,10.0,0.1,1,0.0,2,22,0
9,7.58,7.33,7.5,7.33,7.0,7.33,9.33,9.33,9.33,0.0,0,0.0,2,4,0
20,7.25,6.83,6.92,7.08,7.25,7.08,10.0,10.0,10.0,0.12,0,0.0,3,7,0
9,7.42,7.42,7.25,7.58,7.42,7.33,9.33,9.33,9.33,0.1,0,2.0,2,1,0
7,7.25,7.08,7.0,6.83,7.33,7.17,10.0,10.0,10.0,0.0,0,0.0,1,12,0
30,6.92,7.17,6.83,7.42,7.17,7.08,10.0,10.0,10.0,0.12,0,0.0,0,0,0
9,7.5,7.0,6.83,7.08,7.08,7.17,10.0,10.0,10.0,0.11,0,0.0,2,6,0
20,7.42,7.25,6.83,7.58,7.17,6.58,10.0,10.0,10.0,0.12,0,0.0,2,6,0
20,7.33,7.17,7.0,6.75,7.08,7.0,10.0,10.0,10.0,0.13,5,0.0,3,6,0
20,6.92,7.17,7.17,7.17,7.08,7.08,10.0,10.0,10.0,0.0,0,0.0,3,9,0
30,7.17,7.17,7.0,7.0,7.25,6.92,10.0,10.0,10.0,0.0,1,0.0,3,0,0
20,7.08,7.0,6.92,7.33,7.25,7.08,10.0,10.0,10.0,0.12,0,0.0,3,11,0
20,7.25,6.92,6.92,7.33,7.25,7.0,10.0,10.0,10.0,0.13,0,0.0,2,5,0
3,7.25,7.17,7.0,6.75,7.17,7.33,10.0,10.0,10.0,0.1,0,0.0,3,4,0
9,7.08,7.0,6.83,7.33,7.25,7.0,10.0,10.0,10.0,0.17,1,0.0,3,19,0
22,6.92,6.92,7.0,7.42,7.25,7.0,10.0,10.0,10.0,0.12,0,0.0,2,6,0
28,6.92,7.0,7.17,7.0,7.42,7.0,10.0,10.0,10.0,0.0,0,0.0,3,1,0
3,7.83,7.5,7.42,7.42,7.67,7.5,10.0,6.67,10.0,0.0,0,0.0,2,2,0
20,7.25,7.08,6.92,7.25,7.58,7.08,9.33,10.0,10.0,0.12,1,0.0,2,20,0
20,7.25,7.33,7.0,7.25,7.17,7.17,9.33,10.0,10.0,0.12,0,0.0,1,5,0
9,7.08,7.33,7.25,7.58,7.33,7.42,9.33,9.33,9.33,0.1,0,0.0,2,2,0
9,7.25,7.33,6.83,7.0,7.0,7.17,10.0,10.0,10.0,0.1,1,0.0,2,4,0
20,7.0,6.83,6.83,7.42,7.33,7.17,10.0,10.0,10.0,0.13,0,0.0,2,30,0
5,7.42,7.25,6.83,7.0,7.33,7.08,9.33,10.0,10.0,0.13,1,0.0,1,2,0
3,7.42,7.25,6.75,7.25,7.42,7.25,9.33,9.33,10.0,0.0,0,0.0,2,3,0
20,7.0,7.0,6.83,7.33,7.42,6.92,10.0,10.0,10.0,0.14,0,0.0,3,23,0
20,7.42,7.17,7.08,7.17,7.08,7.08,9.33,10.0,10.0,0.14,0,0.0,2,19,0
9,7.17,6.5,6.33,7.25,7.58,7.33,10.0,10.0,10.0,0.11,0,0.0,2,6,0
28,7.08,6.83,6.83,7.25,7.42,7.08,10.0,10.0,10.0,0.11,0,0.0,0,0,0
20,7.0,7.0,6.92,7.17,7.17,7.08,10.0,10.0,10.0,0.13,0,0.0,2,10,0
9,7.33,7.42,7.33,7.42,7.5,7.42,8.67,9.33,9.33,0.1,0,0.0,2,0,0
11,7.58,7.0,6.75,6.92,7.0,6.92,10.0,10.0,10.0,0.11,0,0.0,2,5,0
9,7.08,7.0,6.92,7.42,7.0,6.92,10.0,10.0,10.0,0.11,0,8.0,2,6,0
9,7.25,7.17,6.75,7.25,7.0,6.92,10.0,10.0,10.0,0.11,0,0.0,2,6,0
4,7.17,7.42,7.5,8.0,7.25,7.83,10.0,10.0,6.67,0.1,5,0.0,3,20,0
20,7.25,7.08,6.92,7.08,7.17,7.17,9.33,10.0,10.0,0.14,0,0.0,3,8,0
20,7.17,6.92,6.92,7.08,7.17,7.0,10.0,10.0,10.0,0.14,0,0.0,2,34,0
20,6.75,6.75,6.83,7.25,7.58,7.08,10.0,10.0,10.0,0.01,0,0.0,3,8,0
9,7.58,7.67,7.42,7.42,7.67,7.67,8.67,8.67,8.67,0.1,0,0.0,2,1,0
34,7.42,7.08,6.75,7.33,7.33,6.92,10.0,9.33,10.0,0.13,0,0.0,2,0,0
20,7.33,7.0,6.92,7.25,7.33,7.08,9.33,10.0,10.0,0.16,0,0.0,3,2,0
20,7.25,7.08,6.75,7.33,7.42,7.0,9.33,10.0,10.0,0.11,0,0.0,2,45,0
20,7.17,7.25,7.25,7.17,7.25,7.08,9.33,9.33,10.0,0.1,0,0.0,1,0,0
35,6.75,6.75,6.42,6.83,7.58,7.5,10.0,10.0,10.0,0.1,0,0.0,3,3,0
9,7.33,7.17,6.58,7.42,7.08,6.83,10.0,10.0,10.0,0.12,0,0.0,2,3,0
11,7.0,7.0,7.0,7.0,7.0,7.0,10.0,10.0,10.0,0.11,0,0.0,2,12,0
25,7.67,7.17,7.08,7.25,8.0,7.5,8.67,9.33,9.33,0.0,0,0.0,3,4,0
20,6.75,7.08,6.67,7.25,7.17,7.08,10.0,10.0,10.0,0.12,0,0.0,3,12,0
20,7.5,7.17,6.92,7.5,7.25,7.0,8.67,10.0,10.0,0.14,3,0.0,2,17,0
20,7.17,6.83,6.83,7.25,7.17,6.92,10.0,10.0,10.0,0.14,7,0.0,2,38,0
20,7.33,7.0,6.75,7.08,7.17,7.25,9.33,10.0,10.0,0.12,0,0.0,2,8,0
20,7.5,7.0,6.92,7.08,6.92,6.75,10.0,10.0,10.0,0.16,0,0.0,3,0,0
22,7.17,7.0,6.92,7.0,7.0,7.0,10.0,10.0,10.0,0.1,0,2.0,2,4,0
33,7.5,6.92,6.92,7.25,7.58,7.42,9.33,9.33,9.33,0.12,5,0.0,2,8,0
9,7.33,7.08,6.33,7.25,7.0,7.0,10.0,10.0,10.0,0.12,1,0.0,2,8,0
20,7.25,6.83,6.83,7.0,7.17,7.0,10.0,10.0,10.0,0.14,0,0.0,2,0,0
20,7.25,7.33,7.17,7.25,7.08,7.0,8.67,10.0,10.0,0.14,0,0.0,3,0,0
20,7.67,7.17,6.83,7.33,7.58,7.17,9.33,10.0,8.67,0.12,0,0.0,3,0,0
2,7.0,6.92,6.83,7.17,7.17,7.17,10.0,10.0,9.33,0.0,0,0.0,2,5,0
20,6.92,6.92,6.67,7.25,7.17,6.92,10.0,10.0,10.0,0.13,0,0.0,3,2,0
22,7.08,7.0,6.75,6.83,7.08,6.92,10.0,10.0,10.0,0.1,1,5.0,2,7,0
22,6.83,7.08,6.92,6.75,7.25,7.08,10.0,10.0,10.0,0.11,1,0.0,2,1,0
9,7.33,7.17,6.92,7.58,7.25,7.17,8.67,9.33,10.0,0.12,0,0.0,2,3,0
28,6.83,6.75,7.17,7.25,7.0,6.92,10.0,10.0,10.0,0.1,0,0.0,2,0,0
20,7.0,7.0,6.75,7.33,6.92,6.92,10.0,10.0,10.0,0.13,0,0.0,2,1,0
20,7.92,7.58,7.58,7.92,7.92,7.5,8.0,6.67,10.0,0.1,0,0.0,3,1,0
33,7.92,6.83,7.08,7.42,6.75,7.33,8.67,9.33,10.0,0.0,0,0.0,3,0,0
20,7.25,6.75,6.92,6.92,7.25,7.58,9.33,9.33,10.0,0.0,0,0.0,2,0,0
20,7.08,6.83,6.83,7.0,7.0,6.92,10.0,10.0,10.0,0.12,0,0.0,3,14,0
20,7.25,7.17,7.0,6.83,7.58,7.08,8.67,10.0,10.0,0.13,1,0.0,2,3,0
0,6.83,7.0,6.92,7.08,6.92,6.83,10.0,10.0,10.0,0.12,3,0.0,2,4,0
20,7.58,7.17,7.0,7.17,7.33,7.0,8.0,10.0,10.0,0.14,0,0.0,3,0,0
33,7.5,7.75,7.58,7.83,7.92,7.92,7.33,8.0,8.67,0.1,0,0.0,1,0,0
9,7.17,6.5,6.67,7.0,7.17,7.17,10.0,10.0,10.0,0.1,0,0.0,2,2,0
9,7.17,7.17,6.5,7.17,7.0,6.83,10.0,10.0,10.0,0.11,1,0.0,2,4,0
20,7.25,7.25,7.0,7.5,7.33,7.42,8.0,9.33,10.0,0.13,31,0.0,2,47,0
9,7.17,6.08,6.17,7.25,7.33,7.33,10.0,10.0,10.0,0.11,0,0.0,2,9,0
33,7.5,7.5,7.33,7.58,7.5,7.42,8.67,8.67,8.67,0.11,2,0.0,2,8,0
33,7.42,7.33,7.33,7.5,7.67,7.75,8.0,8.67,9.33,0.11,4,0.0,2,31,0
13,6.92,6.83,6.92,6.92,6.92,6.83,10.0,10.0,10.0,0.13,0,0.0,3,1,0
20,7.08,6.83,6.67,7.25,7.25,6.92,10.0,9.33,10.0,0.11,0,0.0,2,3,0
28,7.5,7.08,7.33,7.17,7.5,7.5,6.67,10.0,10.0,0.0,3,0.0,2,4,0
11,6.83,7.0,6.67,7.0,7.0,6.83,10.0,10.0,10.0,0.11,2,0.0,2,6,0
33,7.58,7.33,7.5,7.42,7.5,7.33,8.0,8.67,9.33,0.12,2,0.0,2,3,0
9,7.42,7.25,6.83,7.33,7.0,6.92,9.33,9.33,9.33,0.1,1,0.0,2,2,0
2,7.33,7.17,6.92,7.08,7.33,7.0,9.33,9.33,9.33,0.1,0,0.0,2,28,0
9,7.0,6.83,6.83,7.17,6.67,6.83,10.0,10.0,10.0,0.11,3,0.0,2,9,0
20,7.25,7.33,7.0,7.0,7.25,7.08,10.0,10.0,8.0,0.12,2,0.0,2,7,0
3,7.42,7.17,7.0,7.17,7.67,7.17,8.67,9.33,9.33,0.1,1,0.0,2,3,0
4,7.5,7.25,7.42,7.0,7.08,6.83,8.67,9.33,10.0,0.12,2,0.0,2,4,0
20,7.42,7.25,7.0,7.0,7.25,7.08,8.0,10.0,10.0,0.11,0,0.0,2,3,0
9,7.17,6.17,6.17,7.08,7.33,6.83,10.0,10.0,10.0,0.11,0,0.0,2,7,0
22,7.42,7.0,7.0,7.17,7.08,7.0,9.33,8.67,10.0,0.1,0,0.0,1,0,0
0,7.0,6.75,6.67,6.83,7.08,6.83,10.0,10.0,10.0,0.11,0,0.0,3,2,0
9,7.0,6.83,6.67,7.17,6.83,6.83,10.0,10.0,10.0,0.11,0,0.0,2,2,0
28,7.17,6.75,6.58,7.33,7.33,7.17,9.33,9.33,10.0,0.11,0,0.0,1,0,0
33,7.58,7.67,7.58,7.67,7.42,7.42,9.33,9.33,6.0,0.12,1,0.0,2,5,0
20,7.17,6.75,6.58,6.75,6.83,6.75,10.0,10.0,10.0,0.13,0,0.0,2,3,0
9,7.08,6.92,6.33,7.0,6.92,7.0,10.0,10.0,10.0,0.11,2,0.0,2,15,0
0,7.5,7.33,7.42,7.58,7.58,6.92,8.0,8.0,10.0,0.0,0,0.0,2,3,0
9,7.33,7.0,6.83,7.17,7.17,7.17,9.33,9.33,9.33,0.1,1,0.0,2,2,0
20,7.33,7.0,6.67,7.0,6.92,6.92,9.33,9.33,10.0,0.15,4,0.0,3,5,0
10,6.83,6.83,6.83,6.75,6.92,6.92,9.33,10.0,10.0,0.1,0,0.0,3,1,0
33,7.08,6.92,6.83,6.67,7.58,7.42,8.67,9.33,10.0,0.12,1,0.0,2,5,0
20,7.08,7.0,7.0,7.25,7.33,7.25,8.67,8.67,10.0,0.12,1,0.0,2,11,0
25,7.42,7.75,7.42,7.67,7.92,7.83,8.67,5.33,9.33,0.0,7,0.0,2,9,0
12,7.67,7.33,7.17,6.67,7.17,7.42,9.33,10.0,6.67,0.0,0,7.0,2,0,0
20,6.67,6.33,6.42,6.83,7.0,6.92,10.0,10.0,10.0,0.0,0,0.0,3,0,0
9,6.42,6.5,6.5,7.33,6.33,6.92,10.0,10.0,10.0,0.12,0,0.0,3,4,0
20,7.17,6.58,6.58,7.0,7.25,6.58,9.33,9.33,10.0,0.13,0,0.0,2,14,0
9,7.5,7.0,6.83,7.5,7.17,7.33,8.67,8.67,8.67,0.11,0,0.0,2,8,0
9,6.17,6.5,6.5,7.17,7.0,6.83,10.0,10.0,10.0,0.11,0,0.0,3,5,0
33,7.25,7.08,6.83,7.17,7.33,6.83,8.67,8.67,9.33,0.0,0,0.0,2,0,0
33,7.5,7.33,7.33,7.58,7.67,7.25,8.0,8.0,8.0,0.0,0,0.0,1,3,0
20,7.42,7.0,6.83,7.08,6.92,6.83,7.33,10.0,10.0,0.16,2,0.0,3,4,0
13,7.33,7.0,6.5,6.08,7.58,6.33,9.33,10.0,9.33,0.12,4,0.0,3,26,0
20,7.08,6.83,6.83,7.17,7.17,7.08,10.0,7.33,10.0,0.12,0,0.0,2,12,0
11,6.83,6.83,6.67,6.83,7.0,6.83,9.33,8.67,10.0,0.11,0,0.0,2,7,0
26,6.83,6.5,6.5,6.92,6.75,7.0,9.33,10.0,9.33,0.12,0,0.0,2,2,0
0,7.17,7.0,6.83,7.5,7.17,7.0,8.0,8.0,10.0,0.11,0,1.0,2,6,0
9,7.92,7.58,7.17,7.58,7.33,7.17,8.0,8.0,8.0,0.11,0,0.0,2,15,0
9,6.67,6.5,6.33,7.0,7.17,6.75,8.67,10.0,10.0,0.12,0,0.0,3,10,0
20,7.5,7.25,6.92,7.0,7.17,6.83,8.0,8.0,10.0,0.11,4,0.0,2,20,0
20,7.17,6.92,6.67,6.83,7.25,7.75,10.0,6.0,10.0,0.11,0,0.0,2,20,0
20,7.25,6.83,6.67,7.08,7.17,6.83,10.0,6.67,10.0,0.12,0,0.0,3,8,0
20,7.17,7.17,6.83,7.17,7.42,6.67,8.67,7.33,10.0,0.13,23,0.0,1,29,0
20,7.0,6.92,6.75,6.92,7.17,6.83,10.0,6.67,10.0,0.14,15,0.0,2,7,0
20,7.08,6.75,6.58,7.0,7.0,6.75,8.67,8.67,10.0,0.17,0,0.0,3,6,0
20,7.33,6.75,6.67,7.25,7.5,7.0,10.0,5.33,10.0,0.12,0,0.0,2,30,0
9,6.75,6.5,6.17,7.0,7.25,6.75,8.0,10.0,10.0,0.11,0,0.0,3,8,0
9,6.75,6.67,6.17,7.17,7.0,6.58,8.0,10.0,10.0,0.11,0,0.0,3,10,0
20,7.08,7.0,6.83,7.5,7.33,6.83,8.0,7.33,10.0,0.12,0,0.0,2,7,0
33,7.5,7.25,7.0,7.25,7.42,7.33,8.0,8.67,6.67,0.0,1,0.0,0,2,0
9,6.5,6.33,6.5,7.5,7.33,6.83,8.67,10.0,8.67,0.11,1,0.0,2,1,0
20,7.0,6.58,6.67,6.83,7.08,6.83,10.0,6.67,10.0,0.14,3,0.0,2,11,0
20,6.92,6.42,6.17,7.33,7.25,6.75,10.0,6.67,10.0,0.13,0,0.0,3,27,0
20,7.67,7.0,7.17,7.58,7.33,7.33,10.0,2.67,10.0,0.12,0,0.0,2,19,0
33,7.17,7.17,7.17,7.58,7.67,6.92,9.33,6.67,6.67,0.0,9,0.0,3,17,0
0,7.25,6.58,6.58,7.0,7.0,6.42,8.0,8.0,10.0,0.11,0,1.0,2,0,0
11,7.0,7.17,6.83,7.17,7.0,7.17,8.0,8.0,8.0,0.11,1,0.0,2,16,0
20,7.08,7.08,6.92,7.08,6.92,6.92,8.0,8.0,8.0,0.0,1,0.0,3,1,0
3,8.0,7.33,7.75,7.33,7.42,7.67,6.67,6.67,6.67,0.0,0,0.0,1,15,0
33,6.92,6.92,6.92,7.5,7.58,7.17,6.67,6.67,9.33,0.11,5,0.0,2,9,0
10,6.92,6.75,7.08,7.17,7.33,6.67,10.0,5.33,8.67,0.08,1,0.0,3,0,0
4,6.33,6.5,6.33,6.83,6.33,6.5,10.0,6.67,10.0,0.11,0,0.0,2,7,0
20,6.92,6.92,6.92,6.92,7.17,7.0,10.0,2.67,10.0,0.12,4,0.0,2,24,0
20,6.5,6.67,6.42,7.17,7.33,6.5,8.0,6.0,10.0,0.11,0,0.0,2,0,0
20,6.92,7.0,6.83,6.92,7.42,6.92,6.0,6.0,10.0,0.12,0,0.0,2,1,0
0,7.0,7.0,6.83,7.0,7.33,6.83,6.0,6.0,10.0,0.11,0,1.0,2,55,0
11,6.67,6.5,6.17,6.67,6.83,6.17,8.0,8.0,8.0,0.1,0,0.0,2,4,0
11,7.0,6.17,6.17,6.67,6.5,6.17,8.0,8.0,8.0,0.1,0,0.0,2,3,0
11,7.0,6.33,6.17,6.5,6.67,6.17,8.0,8.0,8.0,0.1,0,0.0,2,4,0
20,7.08,6.83,6.25,7.42,7.25,6.75,10.0,0.0,10.0,0.11,0,0.0,3,20,0
10,6.75,6.58,6.42,6.67,7.08,6.67,9.33,6.0,6.0,0.14,8,0.0,0,16,0
22,7.25,6.58,6.33,6.25,6.42,6.08,6.0,6.0,6.0,0.13,1,0.0,2,5,0
9,7.5,6.67,6.67,7.67,7.33,6.67,8.0,1.33,1.33,0.1,0,0.0,2,4,0
11,0.0,0.0,0.0,0.0,0.0,0.0,0.0,0.0,0.0,0.12,0,0.0,2,2,0
